Emb_0,Emb_1,Emb_2,Emb_3,Emb_4,Emb_5,Emb_6,Emb_7,Emb_8,Emb_9,Emb_10,Emb_11,Emb_12,Emb_13,Emb_14,Emb_15,Emb_16,Emb_17,Emb_18,Emb_19,Emb_20,Emb_21,Emb_22,Emb_23,Emb_24,Emb_25,Emb_26,Emb_27,Emb_28,Emb_29,Emb_30,Emb_31,Emb_32,Emb_33,Emb_34,Emb_35,Emb_36,Emb_37,Emb_38,Emb_39,Emb_40,Emb_41,Emb_42,Emb_43,Emb_44,Emb_45,Emb_46,Emb_47,Emb_48,Emb_49,Emb_50,Emb_51,Emb_52,Emb_53,Emb_54,Emb_55,Emb_56,Emb_57,Emb_58,Emb_59,Emb_60,Emb_61,Emb_62,Emb_63,Emb_64,Emb_65,Emb_66,Emb_67,Emb_68,Emb_69,Emb_70,Emb_71,Emb_72,Emb_73,Emb_74,Emb_75,Emb_76,Emb_77,Emb_78,Emb_79,Emb_80,Emb_81,Emb_82,Emb_83,Emb_84,Emb_85,Emb_86,Emb_87,Emb_88,Emb_89,Emb_90,Emb_91,Emb_92,Emb_93,Emb_94,Emb_95,Emb_96,Emb_97,Emb_98,Emb_99,Emb_100,Emb_101,Emb_102,Emb_103,Emb_104,Emb_105,Emb_106,Emb_107,Emb_108,Emb_109,Emb_110,Emb_111,Emb_112,Emb_113,Emb_114,Emb_115,Emb_116,Emb_117,Emb_118,Emb_119,Emb_120,Emb_121,Emb_122,Emb_123,Emb_124,Emb_125,Emb_126,Emb_127
0.052074112,-0.12517677,0.06844342,0.06636133,-0.14565632,0.11455617,0.13725255,0.053392578,0.104654625,-0.16045886,-0.097170696,-0.11378752,0.14829129,-0.15821396,-0.10797067,0.043152582,-0.08797677,-0.055324905,0.1122564,0.1513092,-0.0658751,-0.13375361,0.17733763,0.025194915,0.16217452,-0.05771205,0.0035650302,-0.122505054,-0.08173087,-0.100527555,-0.0012603961,0.06892684,-0.078510426,0.061456576,0.07525759,0.0324226,-0.021789232,0.08706839,0.12390704,-0.12059668,0.017829653,0.058520522,-0.011496326,0.091358386,-0.07305707,0.10214376,0.11869034,-0.05227903,0.033261225,-0.049325477,0.12358416,-0.09806544,0.032481547,-0.001951652,-0.053864717,-0.020890485,0.037115328,0.057701662,-0.096611276,0.048679303,-0.065485135,-0.14123131,0.07892125,0.085654214,-0.1059307,0.046972483,0.06782254,0.10852131,-0.02754565,-0.1440578,-0.039229147,0.10543733,-0.12287632,-0.050433595,-0.11476207,0.01337128,-0.05734315,0.06566891,-0.15295607,-0.04570324,-0.045585994,0.012776864,0.010099142,-0.04452623,0.047767352,-0.04284116,-0.0828745,-0.040310826,0.14038172,0.07159098,0.026782656,-0.09959004,-0.076997,-0.048113856,0.11318414,-0.05257492,0.058642883,0.047887057,0.15691663,0.024787745,0.10211819,0.11303306,-0.09013124,0.075871475,0.07434227,0.027525935,0.113254525,-0.017151967,-0.06578251,0.008602358,0.071254544,-0.090608664,-0.061273634,-0.1202241,-0.09763716,-0.04471828,0.06474685,0.044558156,0.016981978,0.12237739,-0.01859702,0.015933206,0.15193509,-0.11034659,-0.13622211,-0.06187399,-0.15059933,0.045709163
0.075436875,-0.05124786,0.09542707,0.0064808573,-0.049789667,0.12662777,-0.06851583,-0.003202533,-0.08416964,-0.03143501,0.0054140924,0.16509923,-0.06345506,0.038065232,0.030323029,-0.05618309,-0.092407584,-0.06566325,0.00930671,0.016353345,-0.09344538,-0.018634878,0.026271854,-0.15129963,0.020995902,-0.1263273,-0.071558036,-0.062723726,-0.0113893505,-0.03610938,-0.028746372,0.15439561,-0.07338924,0.064676076,-0.0011342969,0.180375,-0.17231815,0.06794791,0.10161772,0.017252007,0.20651975,0.12148529,0.06604491,-0.10856466,-0.08162957,-0.026643075,-0.04601944,0.0514376,0.16945551,-0.098642305,0.102348566,-0.09336269,-0.09107519,-0.12639272,0.11693137,0.10371159,0.054712545,-0.13063921,-0.10887303,0.08879128,0.008095001,-0.022183236,0.07274636,0.052039742,-0.11522498,-0.0723082,0.08813134,0.14573368,-0.060008775,0.0005620781,0.048457626,-0.09192296,0.0135733215,-0.13764496,0.05050479,0.114824384,-0.026566043,-0.077121645,0.005721561,0.036776636,0.06782583,-0.19448373,-0.14232104,0.111911364,0.057831187,-0.058771446,-0.18044639,0.07651082,-0.07333295,-0.021767203,-0.1253773,0.0539012,0.013679774,0.13912289,0.17703228,-0.06627907,0.00906092,0.086707406,0.057178903,0.0679437,-0.041333456,0.041092932,-0.035915453,0.030697485,0.15846266,-0.10979738,0.032986496,-0.028014809,0.013999489,0.010379572,-0.05638937,0.04480049,-0.16288047,-0.0153968325,-0.11629801,-0.044616926,-0.06513759,0.021032294,-0.010722501,0.09646825,-0.15346462,0.049635917,0.12432958,0.07154047,-0.034662805,0.09703412,-0.007581279,-0.07265349
-0.110374264,0.050126016,-0.06013103,-0.18735714,0.040346086,-0.0792475,-0.0964383,-0.048983164,0.043290995,0.052787688,-0.063470356,0.19060917,-0.032603692,0.12712774,0.007656004,-0.06606419,-0.007972725,0.044837747,0.010272498,-0.2932443,0.0637382,0.14197314,0.03891433,0.029682126,-0.15617651,-0.06604185,0.08110792,0.13464862,0.07676533,0.08531922,-0.18374048,-0.0037525715,0.08026363,-0.10672135,-0.080177546,-0.13669893,0.04013749,-0.12932102,-0.064089775,0.08772852,0.013535785,0.058861487,0.07414317,-0.14971158,-0.0011380176,-0.07273248,-0.12486951,0.010275326,-0.030532293,0.06501777,-0.05822502,0.045080956,-0.08127854,-0.010823139,0.06730586,0.038390156,-0.06735998,0.03450299,0.0725309,-0.09522101,-0.010533506,0.085384116,-0.031381384,-0.013904561,0.03586192,0.008280272,-0.09460944,-0.12185899,-0.0025193456,0.18785998,-0.0040176827,-0.067477874,0.015624327,0.082435004,0.08006549,0.0430143,0.061179448,-0.02292323,0.073714875,0.012405135,-0.009459894,0.014953445,-0.15708573,0.079613835,-0.121122755,-0.007250514,-0.030557236,-0.006064022,-0.020775145,-0.14578849,-0.004975308,0.04882544,0.07355395,0.08018595,-0.16332026,0.079371355,-0.046945717,-0.09801086,0.06906828,-0.07005572,-0.0075737694,-0.06663168,-0.05338228,-0.04568149,-0.02190997,0.064629026,-0.118248,0.03490556,0.044560555,0.01228671,-0.006583218,-0.032023773,0.0018369996,0.16337274,-0.14352268,0.035256263,-0.10881084,0.07141216,0.06097506,-0.075340815,0.08975036,-0.026042953,-0.16573653,0.1376834,0.19205484,0.14927295,0.07057683,-0.115188204
0.12260049,-0.08656529,0.1393474,0.0013099168,-0.082878344,0.08958176,0.052061174,0.017665267,-0.04069996,0.009703257,-0.06288473,-0.025821596,-0.03366939,-0.09355089,0.089546934,-0.060386784,-0.11452158,-0.05979045,0.047128532,0.03249927,-0.11820005,-0.07599785,0.057663966,-0.07576663,0.09148349,-0.12471935,-0.01661735,-0.16631371,-0.05663451,-0.01857936,-0.05108774,0.16080984,-0.17701946,0.08970061,-0.011097558,0.0983044,-0.08930962,0.1228424,0.12602748,-0.034667406,0.14830886,0.1283099,0.050197124,-0.016003324,-0.091041975,-0.037042752,-0.019198228,-0.06872611,0.06709429,-0.18568437,0.077821545,-0.06303269,-0.14856413,-0.08402063,0.06411149,0.13911146,0.022449216,-0.094037175,-0.13039173,0.056513034,-0.041049585,-0.03603339,0.04858164,0.053014297,-0.17175142,-0.10428035,0.06872943,0.16980913,-0.027088596,-0.10158999,0.09272959,-0.014306622,-0.0060857204,-0.14080802,0.012417274,0.09798739,-0.041903,-0.06649228,-0.094041325,0.0070742327,0.07096996,-0.07179318,-0.10054066,0.12308549,0.06863789,-0.05094101,-0.16022192,0.091517106,-0.031809915,0.026709536,-0.06231261,0.0026289637,-0.053850997,0.14421064,0.113765515,-0.07009346,0.0775299,0.023873867,0.0065180208,0.12263502,0.021057643,0.099276185,-0.096411735,0.10661536,0.1432512,-0.12057172,0.05483742,-0.015858578,-0.0028835358,-0.0037559823,-0.048954885,-0.0023135813,-0.13108113,-0.014522204,-0.17725591,-0.018393874,0.035924032,0.006993282,0.016977092,0.10357959,-0.1648962,0.047428716,0.14763696,0.07499982,-0.062728494,0.021866491,-0.12743254,-0.010529805
-0.0072507523,-0.06398959,-0.01054511,0.08988729,-0.052722357,0.010159067,0.15187535,0.07043442,0.14920214,-0.1197982,-0.116879016,-0.09221359,0.14082414,-0.091009334,-0.11033832,0.14206901,-0.04653972,0.0004373239,0.055672977,0.11463358,0.043089528,-0.10766109,0.078368425,0.120300435,0.061940808,0.015422159,0.06403266,-0.024834344,-0.022054525,-0.02480999,0.088171974,-0.10521109,0.017836139,0.028511478,0.123861626,-0.077532224,0.14695212,-0.008668218,0.010799769,-0.110715404,-0.08490815,-0.059666727,-0.0963661,0.11760959,-0.010192494,0.07731382,0.14886473,-0.09458236,-0.07741753,0.040011343,0.0072097164,-0.027329989,0.12213129,0.086784534,-0.13154036,-0.1482848,-0.035269365,0.103210226,0.018620307,-0.053947914,-0.08797855,-0.056457978,0.012015574,0.054269407,0.0022795796,0.101690754,-4.3908032e-05,0.04014816,0.063016936,-0.0799312,-0.119422,0.14450546,-0.12663479,0.06569999,-0.16227293,-0.10070545,-0.03419111,0.14873454,-0.093962215,-0.08670267,-0.09311388,0.13530023,0.110340394,-0.12200014,-0.029946804,-0.012367219,0.04508842,-0.11076709,0.14139722,0.090586804,0.10522435,-0.09333284,-0.052364077,-0.14061426,-0.041403968,-0.029776778,0.067600265,0.029757954,0.13545561,-0.097433716,0.18090434,0.056713223,-0.087984525,0.056802902,-0.026754415,0.14076933,0.030786114,-0.055413853,-0.032032255,0.034578364,0.085231945,-0.07220144,0.054048594,-0.14457625,0.04751078,-0.0475234,0.09188478,0.010962873,0.05808357,0.0418665,0.08257812,0.016639588,0.047197435,-0.097227424,-0.12913837,-0.11921905,-0.09244867,0.115239814
0.09970225,-0.12425432,0.081915766,0.07010177,-0.14469165,0.0934847,0.08004653,0.03791875,0.023454113,-0.052214157,-0.050495837,-0.039734174,0.013247562,-0.059215046,-0.023832023,0.001580015,-0.17470962,-0.0787584,0.067548476,0.13746406,-0.087459624,-0.1348595,0.096637,-0.069140546,0.12741707,-0.13549086,0.011956042,-0.16155247,-0.070781484,-0.03982083,0.032502215,0.09457837,-0.108642764,0.1458645,0.013810013,0.12175581,-0.10969074,0.14222755,0.1167407,-0.08403812,0.104391895,0.058752976,0.034493335,0.03735573,-0.07153307,0.06603404,0.0594,-0.04009629,0.09154116,-0.10277343,0.12921125,-0.15845527,-0.10204819,-0.06368447,0.044157326,0.026416544,0.04729319,-0.051760565,-0.10319686,0.07622545,-0.036651142,-0.09705475,0.05144334,0.14863461,-0.14283752,-0.0704473,0.114118844,0.15237214,-0.032463167,-0.10018047,0.031831015,0.0073222867,-0.06289437,-0.1516688,-0.006531412,0.040712222,-0.08198358,0.016832832,-0.112869725,-0.017514568,0.075925075,-0.08801738,-0.047750514,0.06131923,0.085252635,-0.07323519,-0.15532535,0.06373821,0.05831193,0.07283003,-0.0004007572,0.00025581365,-0.06995087,0.037402973,0.16816624,-0.10727557,0.058365393,0.07626201,0.117734976,0.07396487,0.077757806,0.10356848,-0.10453367,0.08504353,0.11477459,-0.025692476,0.09561921,-0.055371884,-0.026102163,0.018966861,-0.0206355,-0.034380686,-0.1329893,-0.11062164,-0.09286693,-0.028833428,0.070351124,0.0029795684,-0.018736575,0.1653755,-0.12693812,0.05801235,0.09699429,-0.038899075,-0.13206448,-0.016838787,-0.13469914,0.028224694
0.046262562,-0.13735285,0.09096489,-0.032464106,-0.09071364,0.06390075,0.0048047467,0.0057264687,-0.1017597,-0.024654344,-0.02580107,0.06354815,-0.0990795,0.06811321,0.032203417,-0.050235778,-0.06544646,-0.04777107,-0.031108089,0.055827796,-0.118645795,-0.022023782,0.052260455,-0.03457742,0.14391725,-0.06669813,-0.031569414,-0.08269954,-0.025685849,-0.0072658043,-0.08248309,0.18095875,-0.12777717,0.030164123,-0.031730067,0.14877051,-0.23523496,0.08755484,0.122968614,-0.02096912,0.11334657,0.12792085,0.05102411,-0.013545974,-0.08005993,0.012479002,0.011829717,0.04568859,0.10232797,-0.1368674,0.10823648,-0.051786896,-0.16314298,-0.15881918,0.19280003,0.16136844,0.08736424,-0.0790493,-0.11934054,0.05471594,-0.02225666,-0.007642623,0.02387134,0.06999003,-0.082148,-0.12849744,0.09022957,0.12556961,-0.011398699,-0.012563107,0.12636875,-0.030053217,0.075950906,-0.16069494,0.075904034,0.12102602,-0.032161426,-0.09322623,-0.052138317,0.04704108,0.03893634,-0.17932084,-0.13556005,0.08908133,0.0919398,-0.0068498473,-0.16320814,0.08181776,-0.036935445,0.011390393,-0.08277813,0.04332169,0.037552755,0.15731889,0.09838686,-0.08708625,0.01142207,0.094482206,0.051762555,0.14657767,-0.03635412,0.018109068,-0.0046017673,0.04488047,0.06278696,-0.044385694,0.0651854,-0.07785573,-0.009783138,-0.0045424146,-0.09908586,0.043324433,-0.15663852,-0.05577834,-0.12662311,-0.043252494,0.0028821363,-0.005832447,-0.03926745,0.089226946,-0.0882538,0.011818583,-0.08489929,0.1330688,-0.06659822,0.12214422,-0.04971312,-0.06738917
-0.08923961,0.079604514,-0.05251495,-0.12681745,0.086386144,-0.078407176,-0.09572715,-0.06157338,-0.09412491,0.096271925,0.07743323,0.06991273,-0.083989576,0.079502426,0.017952992,-0.13177773,0.11468134,0.06761582,-0.06511184,-0.14453949,0.028002769,0.17373855,-0.16053928,-0.0006624137,-0.11200209,0.0841157,-0.0071705515,0.112313785,0.06901589,0.07396094,-0.14134954,-0.0020030087,0.082000256,-0.106282026,-0.09939446,-0.014080784,0.028355513,-0.12165314,-0.11461705,0.05927997,-0.0046038083,-0.056449484,0.06367984,-0.08862414,-0.0060186274,-0.12878475,-0.13060386,0.060430374,-0.04948445,0.11163818,-0.051637758,0.15137152,-0.022393052,-0.011780085,0.031540517,0.0077752243,-0.023547271,-0.028648755,0.06257726,-0.05490244,0.044249006,0.11057268,-0.04784024,-0.13836873,0.097816266,-0.019771222,-0.09570513,-0.08829768,-0.006563049,0.1595371,0.03257862,-0.055703267,0.070477,0.051447842,0.069552824,-0.0071472195,0.077431366,-0.096663624,0.15808378,0.033780225,-0.017877286,-0.01884825,-0.02724351,0.034285504,-0.09267838,0.035262443,0.10733177,0.020641664,-0.10426076,-0.103227265,-0.06418372,0.0139003545,0.1266977,0.09481968,-0.12070797,0.109182164,-0.081322566,-0.08860894,-0.13484041,0.024138318,-0.13897766,-0.1402457,0.1651585,-0.10717345,-0.035702426,-0.028409421,-0.05694297,0.07257036,0.056396462,-0.022794496,-0.042680528,0.11187277,0.030721571,0.14897512,0.049166426,0.036725592,-0.17143886,-0.0017822491,-0.0065120603,-0.14386386,0.08222545,-0.044975303,-0.12670878,0.07106334,0.1414734,0.08231902,0.16335525,-0.08311712
-0.10706258,0.0964003,-0.09012292,-0.0502233,0.14063707,-0.09650394,-0.08706397,-0.027228164,-0.03341534,0.037493225,0.034872126,0.035167977,-0.012159691,0.07201763,-0.012102871,0.034644887,0.14951459,0.09546034,-0.077386595,-0.089223914,0.077134274,0.07434716,-0.111893974,0.105885796,-0.10992104,0.14005908,0.010042182,0.15819135,0.07463987,0.06542826,-0.010284443,-0.090526134,0.16538191,-0.13363174,0.010938922,-0.09932958,0.11140843,-0.13343014,-0.1437515,0.04318921,-0.07893045,-0.13043894,-0.040279195,-0.005183812,0.04184879,-0.052600984,-0.04784456,0.042570982,-0.13175264,0.1348643,-0.12988095,0.14740998,0.12887469,0.07510798,-0.07183124,-0.05040629,-0.04407996,0.030721966,0.09767885,-0.10176098,-0.0056193713,0.13046888,-0.04350072,-0.124517106,0.15774556,0.07652701,-0.11658625,-0.13237134,0.06996206,0.09362932,-0.065506585,-0.013217035,0.043030452,0.1101429,-0.027632719,-0.09170657,0.07427083,-0.0048760828,0.092886575,-0.0038131238,-0.09309375,0.07979809,0.07415275,-0.10210009,-0.11112297,0.08627276,0.13986619,-0.058892693,-0.05740785,-0.04958691,0.026897801,0.013813959,0.07922207,-0.02156992,-0.13903682,0.120718345,-0.058291644,-0.049200248,-0.088957,-0.10624612,-0.023769923,-0.14273362,0.103232756,-0.09474274,-0.11475595,0.06531577,-0.093204185,0.061378505,0.05819877,0.0014493918,0.025871338,0.07002482,0.11062766,0.043457128,0.13343492,0.013828491,-0.07673539,0.0114689,0.052995104,-0.12772395,0.14000669,-0.07555934,-0.09531383,0.04094853,0.10983087,-0.01346594,0.112706475,0.0015019742
0.07764291,-0.10109875,0.15683575,0.023484822,-0.05809147,0.11308796,0.021236809,-0.020053828,-0.00832914,-0.034009367,-0.0139090335,0.040775213,-0.005662066,-0.08856125,0.020647503,-0.09807685,-0.13312137,-0.004867454,0.08731445,0.024758775,-0.101234175,0.08807879,0.004144845,-0.06649836,0.05765589,-0.10770322,-0.052578945,-0.05917974,-0.056879617,-0.028495338,-0.09971831,0.14009854,-0.14471465,0.029284716,-0.07423529,0.052111525,-0.09118514,0.043903753,0.041910935,0.03077155,0.073178746,0.11656123,0.08645925,-0.1283641,-0.089116685,-0.06565077,-0.063036464,-0.029515527,0.22632407,-0.18612295,0.15235887,-0.10239894,-0.13590808,-0.10078948,0.09337123,0.046464667,0.043313153,-0.059798256,-0.09728596,0.06651988,-0.01405051,-0.09104678,0.049936537,0.13100028,-0.13197467,-0.092307664,0.072789334,-0.014118993,-0.09932755,-0.006884791,-0.027444664,-0.081310175,-0.07375675,-0.08513764,0.019586118,0.077797756,-0.021839501,-0.15181291,0.055892818,0.060397286,0.025227627,-0.14460132,-0.098891474,0.107171215,0.053233027,-0.10070415,-0.13154791,0.11511934,-0.053224552,-0.00811005,-0.111865036,0.08031836,-0.05736159,0.058206346,0.092131644,-0.094879866,0.025645548,0.011201726,-0.06568239,0.16492014,-0.05741003,0.15267903,-0.041049786,0.08321035,0.11380476,-0.10521236,0.12542218,-0.10455568,-0.09346973,0.026108753,-0.1026244,0.04467165,-0.15652688,0.098443605,-0.123800494,-0.09274998,-0.031006213,0.0029163663,-0.0803684,0.10688906,-0.13593937,0.044892665,0.13775098,-0.054316074,0.04995845,0.08985326,0.011589791,-0.084138975
0.008671283,-0.101145215,0.060102172,0.072074935,-0.10900239,0.061416067,0.14177924,0.044058893,0.15596636,-0.13239354,-0.11803011,-0.15910874,0.17549318,-0.13686864,-0.121140495,0.109991185,-0.08765751,-0.023914136,0.09754743,0.13829857,-0.02194415,-0.1142472,0.11778085,0.113749735,0.12985499,-0.03796882,0.029250382,-0.093283616,-0.07013441,-0.07057825,0.034012374,-0.032524638,-1.2606931e-05,0.060171343,0.10307336,-0.02418936,0.066558115,0.062396847,0.060661845,-0.15380579,-0.03353476,-0.020980904,-0.075241394,0.111077644,-0.049476013,0.12268896,0.122389294,-0.07564898,-0.026350325,-0.02826541,0.05426526,-0.06791394,0.042954423,0.04489966,-0.11475035,-0.111355945,0.001395927,0.059786487,-0.053394925,-0.0037211566,-0.10289028,-0.10715284,0.053224176,0.087766185,-0.05262793,0.0503873,0.041128177,0.10423176,0.024861088,-0.136164,-0.100893416,0.14301306,-0.12923518,0.0031656432,-0.16655993,-0.043389224,-0.0756827,0.11394017,-0.1397389,-0.06852865,-0.06460371,0.05908912,0.059774414,-0.110923,0.03149879,-0.027637227,-0.010581986,-0.056234103,0.13250412,0.098093614,0.082567915,-0.09886892,-0.093872614,-0.09084532,-0.002827416,-0.06410832,0.08895848,0.051598564,0.09634035,-0.029738313,0.17101496,0.07753538,-0.11039241,0.08717169,0.038780697,0.0883239,0.07975715,-0.0471026,-0.07936261,0.025839237,0.049894106,-0.084036134,-0.02091999,-0.14089811,-0.025877235,-0.068311825,0.09824894,0.013486772,0.029154815,0.08652202,0.00535858,0.026309881,0.13282843,-0.11491619,-0.11711477,-0.11040323,-0.1167494,0.085120976
-0.10318117,0.11945298,-0.051409476,-0.10801922,0.105485335,-0.075373754,-0.15129697,-0.06186478,-0.103484206,0.07648066,0.05598248,0.07076379,-0.10585818,0.10551033,0.036378656,-0.03385626,0.17958446,0.12180874,-0.08732095,-0.16000159,0.039469033,0.13720958,-0.14780371,0.026896339,-0.14258447,0.09959184,-0.016038325,0.12912783,0.07082015,0.053659312,-0.06939505,-0.034632348,0.102807425,-0.12642124,-0.048829827,-0.085328594,0.046111498,-0.16940488,-0.09936079,0.05924043,-0.037016124,-0.021710144,0.012492256,-0.058531627,0.02299132,-0.064902775,-0.11597977,0.04286242,-0.06258959,0.0963899,-0.08642222,0.14832066,0.044951264,0.012526007,-0.032115187,0.0390218,-0.018390415,0.0037449875,0.09433601,-0.044126734,0.025444023,0.15867771,-0.027267473,-0.14262855,0.14923947,0.0044917455,-0.10909186,-0.1547042,-0.00016721949,0.088990964,0.0047710063,-0.075717546,0.046529546,0.10234432,0.027686292,-0.024513321,0.08924995,-0.06422579,0.15019645,0.015063647,-0.07051708,0.012315247,-0.03671937,-0.025687022,-0.08648989,0.07512061,0.063195966,0.017448911,-0.059357785,-0.08183147,-0.019151334,0.037287395,0.0897008,0.06430723,-0.14754508,0.14448693,-0.11015782,-0.09235182,-0.13613555,0.0005665555,-0.09920241,-0.14373437,0.1320948,-0.08202264,-0.088026315,-0.00598588,-0.07324152,0.069381915,0.040754814,0.0038985356,0.0042104684,0.08278061,0.054336075,0.09610745,0.08530031,0.022363821,-0.101689965,0.015916497,0.027635721,-0.13397303,0.12622106,-0.08760816,-0.13801071,0.09868818,0.1335639,0.017107207,0.10634352,-0.09194063
0.044973932,-0.0049533765,0.07112612,-0.071858674,0.024854593,0.04469441,-0.098177984,-0.045740232,-0.112029724,0.07678348,0.073286965,0.14459395,-0.10350562,0.059161343,0.10170406,-0.16952416,-0.040258843,-0.056666788,-0.042111572,-0.07871169,-0.07283219,0.07312191,-0.06838391,-0.11373523,-0.0047857733,-0.039510056,-0.09498974,-0.02826087,0.027480919,0.014903125,-0.099118516,0.1432417,-0.08964778,-0.0024964714,-0.089608096,0.110615484,-0.10982965,0.03952589,0.06309782,0.08501923,0.1373644,0.12278913,0.08978185,-0.16150786,-0.015310499,-0.10906178,-0.0951161,0.05187097,0.14383805,-0.11601009,0.055708464,-0.007409163,-0.12501845,-0.10612178,0.1568572,0.13007663,0.015187049,-0.111054145,-0.028765205,0.057616718,0.060072105,-0.0070350477,-0.009593556,-0.0394972,-0.0090182675,-0.113537274,0.05489531,0.035373613,-0.07105198,0.06584315,0.122751646,-0.10919769,0.09002301,-0.081765495,0.098222174,0.120632514,0.0069943895,-0.14832158,0.055357266,0.08862005,0.0577492,-0.14755276,-0.13081527,0.121124804,0.030647207,-0.028872818,-0.13080059,0.13620031,-0.1265831,-0.034822166,-0.1744615,0.104869485,0.054224584,0.16661124,0.056280904,-0.021186663,-0.01981,0.0001400287,-0.073720455,0.109814554,-0.12946485,0.027588354,0.07591962,0.012463561,0.08053134,-0.13326646,0.004773849,-0.023280613,0.024761055,-0.03600846,-0.103549086,0.08039092,-0.11751764,0.121329874,-0.10332062,0.007321496,-0.097435035,-0.009894402,-0.044434723,0.020358743,-0.119076826,0.00029223587,-0.011447262,0.13711606,0.03026117,0.12338078,0.050760653,-0.13248672
-0.0014274953,-0.0627451,-0.01487792,0.10229666,-0.07036082,0.009767714,0.128219,0.055728517,0.14045848,-0.12824737,-0.111243084,-0.15065654,0.13521706,-0.09381061,-0.12620682,0.14635102,-0.042497046,0.007173622,0.064690135,0.13302141,0.03387885,-0.11567351,0.095816925,0.10492209,0.07963587,-0.008127702,0.06927212,-0.041747395,-0.061608277,-0.031070199,0.10694351,-0.08105479,0.024643637,0.0725166,0.116537035,-0.070141345,0.10151461,0.048254233,0.008535256,-0.13358295,-0.09055792,-0.06788596,-0.093714885,0.1281078,-0.01999823,0.109448425,0.13830647,-0.088531695,-0.082565606,0.035898134,0.011785365,-0.087242365,0.08784033,0.06999765,-0.13839412,-0.12479576,-0.013801394,0.09861321,-0.010848667,-0.03661415,-0.09150473,-0.066221595,0.0238441,0.09464282,-0.030342724,0.08109418,0.010312058,0.039008494,0.051786188,-0.09585263,-0.11476533,0.13903084,-0.11748643,0.0500793,-0.13614532,-0.10670655,-0.049775865,0.13690849,-0.1126808,-0.085947536,-0.04658024,0.11456822,0.11665803,-0.11122719,0.007732236,-0.009663176,0.05234018,-0.10275479,0.14001545,0.086708896,0.13503072,-0.09804263,-0.07958595,-0.14644626,0.002534271,-0.032882668,0.06070418,0.028195292,0.120469846,-0.070605315,0.15024965,0.040060427,-0.1026539,0.04858191,-0.02224311,0.13149643,0.06310512,-0.033772122,-0.04488516,0.036197506,0.081274465,-0.08805674,0.043583017,-0.14310525,0.059881598,-0.031358283,0.11031058,0.0052127894,0.036991756,0.06507949,0.05657904,0.025925266,0.06325319,-0.12788296,-0.10494314,-0.118929096,-0.10222709,0.12641305
-0.103150666,0.11027665,-0.07992181,-0.07536121,0.13310078,-0.081031404,-0.12194464,-0.05270816,-0.05992766,0.0627546,0.053104244,0.058073454,-0.04233824,0.07251605,0.0071342685,-0.019815061,0.1467519,0.09775974,-0.0785414,-0.13578674,0.06878774,0.119969875,-0.12480321,0.06086338,-0.14558645,0.10467247,-0.018626148,0.14980212,0.08357043,0.06055793,-0.0663967,-0.04784386,0.14904492,-0.15300201,-0.022993553,-0.07340028,0.03549106,-0.12748787,-0.13044436,0.08729509,-0.061417382,-0.078155845,0.0012621855,-0.043891095,0.04656415,-0.06646575,-0.09114522,0.075562805,-0.11321895,0.1394132,-0.10733683,0.15975098,0.049119487,0.03539252,-0.0391852,-0.029132063,-0.019425072,0.010676996,0.078791134,-0.05376729,0.012785329,0.13282423,-0.03966454,-0.1443234,0.14738312,0.04176806,-0.11408337,-0.13412122,0.047995776,0.13132894,-0.0065628896,-0.051981777,0.054950945,0.08588009,0.04258702,-0.05103818,0.10613334,-0.04660601,0.11150571,0.025480866,-0.06912976,0.06453282,0.02887197,-0.049893506,-0.07813637,0.060383823,0.16816302,-0.026975045,-0.0544484,-0.09986814,-0.006353118,0.01921164,0.11177301,-0.0024350476,-0.15087639,0.11646961,-0.08339784,-0.050262444,-0.11601519,-0.045634005,-0.053649258,-0.16383371,0.11714935,-0.10935076,-0.102230884,0.014587488,-0.09784496,0.07811251,0.05994408,-0.006700538,0.015126171,0.08945112,0.074323796,0.08853582,0.08808207,0.033342376,-0.11497001,0.01255483,0.008718778,-0.15893577,0.1206626,-0.0672191,-0.13941576,0.06819728,0.12470323,0.025462287,0.113216594,-0.035891328
-0.02264415,-0.039821755,-0.044878773,0.09164548,-0.049609076,0.00855353,0.13706109,0.06435303,0.13123389,-0.11189286,-0.09354533,-0.15712999,0.15106575,-0.095579475,-0.12115065,0.12584329,-0.009513285,0.011249995,0.0446479,0.13438097,0.044243895,-0.10946238,0.06659547,0.13856457,0.04762011,-0.0060716,0.09808324,-0.028360734,-0.050184283,0.0012172853,0.11425551,-0.07535279,0.060628466,0.04910507,0.10338943,-0.0730286,0.10240922,0.0024839242,-0.029059265,-0.14593704,-0.073343396,-0.07175598,-0.10959211,0.14782937,-0.02735647,0.09269634,0.1329044,-0.09810572,-0.092562184,0.06309543,-0.02734114,-0.06355701,0.116005756,0.092522725,-0.121290416,-0.09290421,-0.03242855,0.09259007,-0.0038963638,-0.0655253,-0.10115799,-0.03948336,0.030802136,0.06830968,-0.033499796,0.09235084,-0.021558842,0.045273513,0.0868806,-0.0774212,-0.11453237,0.11465212,-0.10913656,0.045307584,-0.13676457,-0.11845305,-0.04617001,0.16100036,-0.10075056,-0.108172715,-0.06824963,0.14865507,0.11992304,-0.11563823,-0.020049676,0.0029104173,0.06980761,-0.09472414,0.14095123,0.06875016,0.1239385,-0.10302955,-0.06524567,-0.13432558,0.0005260221,-0.028406292,0.048160367,0.021362847,0.12254289,-0.094289325,0.13037488,0.011261361,-0.094928116,0.03632178,-0.030721681,0.123768225,0.0377775,-0.014337869,-0.01781463,0.045260713,0.08955948,-0.07807827,0.08534772,-0.1388044,0.10672379,-0.025911674,0.10835736,0.01129157,0.07525259,0.053549822,0.06944314,0.027235117,0.07668973,-0.11905781,-0.11365283,-0.12799643,-0.08967671,0.11505558
-0.03214703,-0.03595522,-0.031092364,0.094532296,-0.05058312,0.006539443,0.11104348,0.061443698,0.13460505,-0.12874226,-0.10266746,-0.13665679,0.13348402,-0.06944607,-0.117331915,0.15070339,-0.01167682,0.022666985,0.06313717,0.1192172,0.04658322,-0.10878149,0.09331944,0.1243043,0.05411726,0.00881844,0.07810915,-0.015525686,-0.044123434,-0.025217699,0.11221893,-0.09935439,0.051773977,0.052036814,0.12763602,-0.08416538,0.121016316,0.019119706,-0.0067249695,-0.116095334,-0.10009779,-0.086576104,-0.09515001,0.11752806,-0.01307377,0.11022642,0.11969637,-0.08604456,-0.09548984,0.058093186,-0.0130404085,-0.060887575,0.13880382,0.08612221,-0.14962475,-0.13519634,-0.02575314,0.10147712,0.007603027,-0.05324396,-0.08844661,-0.048812103,0.025578102,0.07007907,-0.0077435756,0.09963207,-0.015143979,0.019033497,0.055114314,-0.0873727,-0.13350981,0.13721414,-0.11582845,0.072370775,-0.13533181,-0.10917661,-0.04168399,0.15239792,-0.11509927,-0.08804052,-0.06269397,0.1147445,0.12039003,-0.12620597,-0.015729992,0.007987085,0.061684232,-0.111948654,0.12920529,0.07587858,0.14494906,-0.096064664,-0.06861077,-0.14581239,-0.012694385,-0.014835794,0.058088247,0.02732499,0.107020624,-0.09552077,0.14801124,0.020031719,-0.08798002,0.03478177,-0.036987167,0.14499922,0.041836318,-0.014018309,-0.044412177,0.03246771,0.09600978,-0.0802572,0.07091722,-0.13948815,0.08957739,-0.028298922,0.09887653,0.013075716,0.050017875,0.036031693,0.08367947,0.009879051,0.053529594,-0.13252153,-0.06928618,-0.11305497,-0.09435828,0.11635993
0.11270957,-0.16442107,0.09750122,-0.036301535,-0.18410903,0.031787995,0.11948739,-0.05282331,-0.062509455,0.08802953,0.054670766,-0.09691369,0.055529106,-0.14138079,0.02574911,0.0020099476,-0.19189337,0.011305031,0.021836989,0.099422544,-0.032534603,-0.02234583,0.04152909,-0.104157805,0.01187323,-0.18672796,0.06580185,-0.2453568,-0.007470889,0.008703577,-0.09533602,0.03012629,-0.0737823,0.006517588,-0.08930766,0.11835835,0.03780069,0.16256054,0.060105648,-0.051226895,0.16158259,0.040998906,0.02820292,0.057323307,-0.056291137,-0.089202024,-0.009094423,-0.041278183,-0.028003305,-0.12224334,0.09081268,-0.03822539,-0.096357,-0.08786055,-0.039358713,-0.06351375,0.037260845,-0.07740179,-0.118808664,0.09645351,0.024083914,-0.038269024,0.070274636,0.12161491,-0.15145816,-0.10850068,0.078631535,0.13910146,-0.007487692,-0.014097788,0.026188286,-0.033091042,-0.11291093,-0.19501558,0.0020577875,-0.01654282,0.02114096,-0.0024670349,-0.0066771433,0.011187259,0.046575826,0.016767252,0.05196929,0.06335958,0.019076275,-0.11966239,-0.018640378,0.08196642,0.01689508,0.079676546,0.11220481,0.0306492,-0.09136179,0.025960153,0.1052567,-0.18803328,-0.0013380242,-0.04544336,-0.009829331,0.15528992,0.057246163,0.061440703,-0.17576332,-0.029119706,0.1589316,-0.049301494,0.009318724,0.012729654,0.022438064,0.03404539,-0.071433775,0.1345447,-0.16661553,0.05179168,-0.110210575,0.016904572,0.08513393,-0.06768113,-0.047143515,0.18180214,-0.0052872347,0.035422076,0.10888665,-0.13652545,-0.07192037,-0.0056944955,-0.06827933,0.040504854
-0.0081406,-0.07969111,-0.0034853336,0.103426754,-0.07757229,0.022032026,0.14067632,0.05438507,0.15111655,-0.13315925,-0.09650882,-0.14994451,0.13537975,-0.10079894,-0.13547356,0.13796273,-0.057578675,0.012489613,0.08855284,0.16392596,0.020690994,-0.08512634,0.119262554,0.08981954,0.09069449,-0.010556155,0.065381825,-0.039955474,-0.04903838,-0.035635665,0.088115446,-0.086091526,-0.011077151,0.065860726,0.09787837,-0.06604214,0.10826273,0.049631298,0.023687683,-0.13948835,-0.07749639,-0.0432382,-0.08916559,0.12502436,-0.028242938,0.09827483,0.12719502,-0.098277405,-0.06039578,0.05399128,0.024270559,-0.07103231,0.10678336,0.062129736,-0.1426562,-0.09105529,-0.025769247,0.092297666,-0.025608666,-0.028369118,-0.106535316,-0.07379304,0.037474643,0.09798112,-0.052417234,0.08250427,0.010105649,0.051258974,0.040235046,-0.07751072,-0.13238056,0.13493836,-0.11128554,0.044287317,-0.14134482,-0.08834464,-0.06408239,0.15871425,-0.110817574,-0.08278903,-0.06816566,0.098418884,0.10616738,-0.11245789,-0.004205219,-0.011015901,0.015254538,-0.09874994,0.1499404,0.098663956,0.102610864,-0.11313275,-0.0878637,-0.14627141,0.008764635,-0.035950817,0.065343045,0.051110905,0.13864979,-0.07352089,0.14928067,0.042158365,-0.112433136,0.05415553,0.025661815,0.115161,0.07150642,-0.0449493,-0.047397945,0.036730453,0.08844218,-0.091510385,0.05289066,-0.13399754,0.03382218,-0.039042976,0.07467731,0.00013278546,0.034509733,0.030655308,0.032621004,0.050768733,0.09311295,-0.113806725,-0.114038385,-0.09725564,-0.13028578,0.10413585
0.036158293,0.03833778,0.0539842,-0.077196926,0.04076658,0.014418684,-0.09421677,-0.047969796,-0.14678416,0.13769089,0.078894384,0.13527901,-0.15261935,0.062270056,0.11522155,-0.12396556,-0.006347307,-0.009107201,-0.0527875,-0.10831348,-0.061163425,0.07604072,-0.07998596,-0.11142295,-0.015110153,-0.033090144,-0.07391527,0.01167221,0.039883185,0.032919213,-0.09923363,0.11358643,-0.048058543,-0.025469925,-0.103152715,0.08821978,-0.12362424,-0.037840825,0.0096743405,0.11076206,0.10837532,0.0964836,0.095491864,-0.13431108,-0.014744183,-0.10055129,-0.12431747,0.06649414,0.09789636,-0.08352638,0.026783952,0.045017496,-0.1322015,-0.10670701,0.15440771,0.12684798,0.03237982,-0.11790378,-0.032452244,0.044941783,0.06802454,0.06372122,-0.006458028,-0.054150444,-0.009646847,-0.11485078,0.026058422,-0.010984978,-0.06487823,0.07067212,0.13204587,-0.14406444,0.11019322,-0.084703974,0.12528335,0.12122321,0.034516416,-0.15322556,0.10396354,0.087067336,0.0635326,-0.120383285,-0.14074995,0.12818103,0.018137105,-0.020314433,-0.087653354,0.12208621,-0.1446397,-0.08435849,-0.11889346,0.111303605,0.052379522,0.16676673,0.007093858,0.0074077793,-0.047209647,-0.015121892,-0.11249362,0.09175923,-0.15131265,-0.022988101,0.062551826,-0.022553261,0.05492891,-0.16250208,-0.024801267,0.010741862,0.0339186,-0.027399465,-0.09973727,0.09768407,-0.0984331,0.12950224,-0.086604014,0.008654663,-0.08380487,0.00016051788,-0.050377302,-0.031775948,-0.06049107,-0.011746762,-0.029469542,0.1399628,0.06959766,0.12600015,0.091388606,-0.118550874
0.00048506304,-0.0682875,-0.010303502,0.09822666,-0.079033986,0.014754489,0.13348542,0.0567155,0.14662556,-0.13303834,-0.11684254,-0.14497575,0.13494097,-0.096181676,-0.1236168,0.14026017,-0.047238816,-0.00014153055,0.06898536,0.13472219,0.031316027,-0.12021424,0.105300106,0.09648515,0.08916264,-0.012039419,0.066158764,-0.052777454,-0.0637301,-0.039580293,0.10688116,-0.07412866,0.02137193,0.07730421,0.11246327,-0.067481376,0.09576185,0.04259856,0.016147751,-0.13119896,-0.08492213,-0.060387675,-0.08619128,0.12733103,-0.021470988,0.11273142,0.13610132,-0.08931367,-0.07334473,0.03332498,0.020290704,-0.09460109,0.08386223,0.07104299,-0.12403725,-0.120404035,-0.012247641,0.101958066,-0.012022966,-0.029725118,-0.092892244,-0.074889325,0.02069686,0.09735241,-0.03523207,0.0802902,0.0114253275,0.040341634,0.04673374,-0.10386029,-0.111010395,0.1445666,-0.121762514,0.041938,-0.13144875,-0.09740254,-0.05213238,0.14052457,-0.11961634,-0.08356961,-0.048418425,0.107232384,0.107802264,-0.10614971,0.008481046,-0.012661282,0.039413728,-0.10443072,0.14678928,0.09083379,0.11974873,-0.10045722,-0.0747104,-0.14184484,0.01481133,-0.034592174,0.061045557,0.026427679,0.12849963,-0.06511616,0.14933245,0.049647193,-0.11042238,0.053135067,-0.013403442,0.12755169,0.068840295,-0.037136268,-0.046890695,0.03683108,0.07985567,-0.09099941,0.035733223,-0.1504985,0.052151095,-0.035784595,0.1050524,0.01177741,0.036961574,0.07271216,0.048472475,0.030286694,0.06380826,-0.13593452,-0.10179713,-0.12061738,-0.10609422,0.12742248
-0.009118956,0.085350975,-0.0077207913,-0.08922108,-0.011359477,0.01738693,-0.1603362,-0.04961796,-0.16574094,0.075721875,0.08281462,0.10825351,-0.14600326,0.04544043,0.06962636,-0.12006489,0.039881803,0.063153245,-0.10297658,-0.14739841,-0.009365322,0.09331896,-0.08049045,-0.11950382,-0.10608098,-0.016187456,-0.04764263,0.05244725,0.021659698,0.04646294,-0.06199992,0.05330262,0.047624394,-0.09188801,-0.09369025,0.08008828,-0.12685487,-0.08882643,-0.06234387,0.08316878,0.06898965,0.09536768,0.096970975,-0.09456214,0.024968008,-0.11972923,-0.08626034,0.02091859,0.106333226,0.0023530868,-0.02718179,0.012261304,-0.087914996,-0.03981832,0.16636111,0.14307329,-0.0027173397,-0.056940686,0.041530762,0.07636243,0.08450972,0.10443899,-0.02109438,-0.13403225,0.032225393,-0.046574984,-0.013658559,-0.07297602,-0.07758826,0.06526208,0.1319625,-0.141625,0.07432353,-0.060784534,0.11350889,0.10445446,0.091267556,-0.14832422,0.13871968,0.060005013,0.01741731,-0.061137967,-0.10399793,0.08946651,0.017514015,0.006993437,-0.051215716,0.10434844,-0.11250632,-0.05200521,-0.15839541,0.057738423,0.076182015,0.080202736,0.033260737,0.018220881,-0.119575985,-0.08659624,-0.18654948,0.08003211,-0.20697431,-0.060826607,0.08667076,-0.10027729,0.0059125987,-0.09499914,0.008547504,0.08916583,0.056068216,-0.055827294,-0.033664033,0.11826656,-0.0539537,0.18643862,0.027225915,0.06884099,-0.08528774,0.013780914,-0.011115564,-0.057458457,-0.047498625,-0.025296103,-0.11006703,0.102090076,0.055812456,0.05566287,0.1063569,-0.1902663
-0.11211976,0.060143083,-0.099758714,-0.023088083,0.05785927,-0.08323326,-0.011308934,0.01260487,0.039088283,-0.05259826,-0.022931695,-0.024252916,0.013762917,0.032031782,-0.07177299,0.08785974,0.09023505,0.115194626,-0.022906909,-0.02801064,0.10003209,0.043050718,-0.043487135,0.142948,-0.09217986,0.11026243,0.062239967,0.11567011,0.036475506,0.028198903,0.01606401,-0.14608467,0.1701934,-0.10452579,0.054640718,-0.105044894,0.15274659,-0.11201475,-0.12735987,0.015077823,-0.13673589,-0.15579984,-0.072343856,0.04278796,0.043684132,0.032391556,0.01817639,-0.012611374,-0.19643047,0.15254343,-0.09732102,0.0780714,0.10965031,0.085858755,-0.12434746,-0.1587444,-0.048639927,0.10026298,0.09897644,-0.09618781,-0.043624327,0.086095706,-0.03149448,-0.04759045,0.14696272,0.12003898,-0.115218036,-0.09995132,0.08440124,0.049793296,-0.092230335,0.069980524,-0.045169808,0.12217199,-0.056601517,-0.11314561,0.040994756,0.07477667,0.03931232,-0.042357173,-0.09704261,0.13338766,0.103468955,-0.10835833,-0.10112515,0.050453614,0.17397006,-0.11293436,0.035688404,-0.010546151,0.09821245,-0.05962471,0.06858314,-0.10028642,-0.15024237,0.06736243,-0.036298644,-0.038624536,-0.012700598,-0.10385762,0.06061083,-0.13000353,0.03967319,-0.079066835,-0.10415937,0.10420509,-0.049047984,0.043292254,0.016188946,0.019393792,0.09925357,0.010513317,0.1105621,-0.042877145,0.14620566,0.013540682,-0.034475684,0.027500303,0.05208244,-0.10024097,0.19416803,-0.034134347,-0.11636344,-0.056805275,0.05848047,-0.048338216,0.041470584,0.059517782
-0.0857601,0.10864945,-0.047983773,-0.042623337,0.09354374,-0.04143495,-0.081093125,-0.02822564,-0.056151688,-0.0055925124,0.027463717,0.09062134,-0.0016748304,0.02690477,0.000238306,0.058944467,0.11501175,0.12992997,-0.0660653,-0.052031506,0.067337714,0.08719177,-0.08948033,0.08458706,-0.1514427,0.09428109,-0.0145979915,0.12798925,0.075402744,0.044022772,-0.07558069,-0.08127043,0.14751115,-0.14914906,0.020643817,-0.071658626,0.0747383,-0.13185441,-0.16054088,0.075327694,-0.035424285,-0.11036054,-0.0022353816,-0.0074674203,0.050063737,-0.09037557,-0.07883496,0.04794825,-0.13203152,0.15694904,-0.11542875,0.1868336,0.122075364,0.050283767,-0.090321645,-0.09953883,0.0024890916,0.026739877,0.047198612,-0.03824503,0.007474605,0.14295457,-0.022730706,-0.14980675,0.14219993,0.10608617,-0.11928407,-0.11466933,0.07067766,0.1216904,-0.0563011,-0.01846638,0.009190433,0.1021896,-0.032326117,-0.06406641,0.13082206,0.01968782,0.11459917,0.011740428,-0.13162185,0.09280737,0.040818233,-0.04598333,-0.10414346,0.03725793,0.17644921,-0.09110565,-0.023456506,-0.092122056,0.012331652,-0.012228243,0.08633074,-0.017953195,-0.16835836,0.08171047,-0.084303126,-0.041053995,-0.11266927,-0.08317806,0.016694222,-0.17772163,0.09910335,-0.12033131,-0.09161665,0.034966853,-0.072777264,0.07648582,0.04702068,-0.011664187,0.065791994,0.13141064,0.0645421,0.042604193,0.095265426,0.02779591,-0.106116295,0.009579388,-0.0005420358,-0.1602523,0.16534409,-0.05173418,-0.11128253,0.027480114,0.047647897,0.028412668,0.09351941,0.010542136
-0.07287704,-0.009087109,-0.04501914,0.10561755,-0.052439645,0.011561015,0.10732893,0.04266149,0.11395036,-0.12893207,-0.091070816,-0.09498137,0.14209965,-0.03902066,-0.12594162,0.14548777,0.013511163,0.050110783,0.04141824,0.09279922,0.044443335,-0.062362924,0.064715855,0.15783499,0.004382406,0.035137404,0.07846126,-0.0006153231,-0.00080154376,0.006795018,0.06133629,-0.09253076,0.08968826,0.025384394,0.099226065,-0.13078752,0.14281,0.01154874,-0.07417637,-0.08361299,-0.1142435,-0.095505685,-0.08623035,0.09214933,-0.009995561,0.0752244,0.10489275,-0.07694203,-0.15533686,0.06560336,-0.03658664,-0.0029766841,0.15942118,0.09368852,-0.17070842,-0.14363952,-0.037666947,0.1104404,-0.011868327,-0.064546295,-0.09601591,-0.018389925,0.018812751,0.05349263,-0.008506552,0.13201307,-0.05899421,-0.017756619,0.08230671,-0.009920009,-0.15208128,0.0890582,-0.10507258,0.12301311,-0.13189693,-0.13054572,-0.009096611,0.16645814,-0.07643226,-0.07075868,-0.09694276,0.13493717,0.14335078,-0.11491664,-0.057599172,-0.0033032554,0.108012296,-0.101840414,0.1250994,0.024977537,0.13915828,-0.0985734,-0.059686277,-0.13857736,-0.062285654,-0.0069124326,0.012705762,-0.0011363387,0.104870915,-0.10629491,0.15573595,-0.022559104,-0.07392301,0.019701434,-0.071145974,0.15711504,0.023949375,0.012329315,-0.0056805243,0.02289856,0.117973626,-0.06254643,0.095914125,-0.12315533,0.117953666,-0.017104935,0.060364664,0.0072106346,0.041601833,0.015761262,0.11597603,-0.01021683,0.005081202,-0.13298436,-0.06038709,-0.050517272,-0.099790074,0.08381101
0.012966145,-0.09932408,-0.014579915,0.11024054,-0.08477953,0.02487861,0.16506003,0.0615804,0.15821287,-0.13995065,-0.12516038,-0.14155865,0.1514368,-0.10328718,-0.120051175,0.12125072,-0.07975884,-0.012608695,0.07097408,0.18384284,0.036524393,-0.10213897,0.1228619,0.08105723,0.08009824,-0.034681085,0.06171913,-0.058282435,-0.044659033,-0.031833157,0.08651833,-0.045011625,-0.047988765,0.051721558,0.10452932,-0.062196273,0.09695188,0.062431075,0.048459012,-0.10081909,-0.06650134,-0.017553708,-0.08400461,0.122000895,-0.037775673,0.08710521,0.139906,-0.08917475,-0.045629684,0.02241853,0.036312178,-0.0769159,0.063316636,0.03816925,-0.09491209,-0.101896934,-0.014097826,0.10603405,-0.037251305,-0.034520596,-0.09846711,-0.09031688,0.032950725,0.09925309,-0.0532356,0.073688455,0.029589783,0.04110488,0.0641066,-0.06749722,-0.11738022,0.1313985,-0.11785044,0.03539124,-0.10290164,-0.10714827,-0.041996557,0.15892941,-0.10816945,-0.090936184,-0.0718477,0.12235838,0.09995744,-0.10928071,0.0014347738,-0.016523216,0.02453059,-0.11122937,0.14311475,0.078891836,0.108254,-0.11112744,-0.077944845,-0.14359128,0.009993083,-0.049980346,0.04843078,0.04558376,0.17324084,-0.046255644,0.15378025,0.046130136,-0.1258614,0.05022198,0.00030243341,0.116227075,0.053695593,-0.050124444,-0.029816212,0.054702483,0.07041443,-0.08950124,0.04005926,-0.12761617,-0.0038713312,-0.039331168,0.09566122,0.004147776,0.02945886,0.07344798,0.055342574,0.039058503,0.076932654,-0.12188545,-0.11862267,-0.083478145,-0.1260275,0.13980289
0.07279114,-0.15608479,0.07813388,0.118562065,-0.121659845,0.097807825,0.16034345,0.037864823,0.13215303,-0.101228945,-0.09845846,-0.1083275,0.102104016,-0.09676682,-0.07686554,0.042511765,-0.13877678,-0.06633373,0.09395755,0.13504614,-0.043578215,-0.101186566,0.10380587,-0.003414701,0.123350374,-0.10980369,0.027356273,-0.15779833,-0.069061115,-0.06841295,0.043464154,0.05855649,-0.1099074,0.100117885,0.06934928,0.02476346,-0.006485977,0.12559131,0.12761614,-0.10971665,0.040281065,0.088742144,-0.036767747,0.046729907,-0.074729756,0.071838625,0.1281202,-0.074076965,0.09166356,-0.07827244,0.10334672,-0.12889333,-0.048747387,-0.0379643,0.0113601815,-0.03380642,0.002741018,0.007097878,-0.10731486,0.041319624,-0.072132975,-0.14543425,0.053012982,0.13730466,-0.14562495,-0.003590396,0.108878896,0.13215938,-0.005136078,-0.09404796,-0.04385379,0.071767785,-0.102792196,-0.044328697,-0.058918145,0.01084373,-0.06718108,0.091172606,-0.118429706,-0.054897785,0.008260114,-0.022449072,0.0026414343,-0.028495494,0.074343406,-0.07073699,-0.09562005,-0.002829405,0.07508395,0.09608169,0.037042413,-0.07146053,-0.11850288,-0.06488253,0.07872001,-0.10900772,0.07527619,0.07288285,0.14165378,0.060806487,0.10424036,0.1223842,-0.14717758,0.09714067,0.10336896,0.018534122,0.09241934,-0.07478099,-0.057134323,0.03365919,-0.0055192425,-0.09215516,-0.055174273,-0.09841063,-0.069611914,-0.06187384,0.07396613,-0.0048668855,-0.010768785,0.14240515,-0.09010015,0.06652593,0.15798701,-0.10189849,-0.1239161,-0.025458561,-0.1325848,0.07330726
-0.09228588,0.06783757,-0.023018394,-0.0583638,0.117989235,0.0180793,-0.18711382,-0.07711533,-0.025201175,0.02057438,0.11224408,0.1775016,-0.10805386,0.14575973,0.074608594,-0.023647755,0.08738654,-0.0032169914,-0.06588762,-0.07153871,0.0003955731,0.21319619,-0.12607057,0.028730348,-0.10606795,0.048486836,-0.08052251,0.15240033,0.08954061,0.07893915,-0.11913498,0.06315168,0.07238667,-0.07740782,-0.025559608,-0.048084263,-0.085126415,-0.09176374,-0.077718996,0.09748217,0.05264339,-0.037034232,0.00046541227,-0.18176611,-0.024511022,-0.09258359,-0.12729165,0.08926968,0.048217833,0.040051162,-0.020584878,0.12621015,0.008927866,-0.06012155,0.07221828,0.021797568,0.008471546,-0.14972603,0.0003624434,0.022486962,0.025062378,0.09685609,-0.0037451633,-0.08151634,0.104081504,-0.009936113,-0.035223152,-0.07826783,-0.0005068371,0.16576411,-0.015924513,-0.12349884,0.003111653,0.029801987,0.023272969,0.063505664,0.07782603,-0.10562876,0.13265367,0.054220833,0.0048259683,-0.05995489,-0.08338575,0.052951194,-0.054373335,-0.04020707,-0.0032901042,0.044052433,-0.122083046,-0.15423186,-0.10738061,0.066614,0.10897423,-0.009068463,-0.10906245,0.021167768,-0.07906489,-0.007657856,-0.16945325,-0.014746967,-0.07815739,-0.12977375,0.08607704,-0.05300758,-0.048116926,-0.069994785,-0.091987565,-0.007252484,0.046795364,-0.020834003,-0.04202751,0.13957483,-0.036006365,0.14405642,0.03523645,-0.04634253,-0.1974167,0.011429901,-0.041697774,-0.13700972,0.017314458,-0.043749787,-0.032488205,0.13449109,0.16991071,0.14491375,0.1583031,-0.10261193
0.008671529,-0.056780066,0.005139594,0.08781485,-0.09433797,0.032787416,0.14276017,0.06641072,0.12086113,-0.12251931,-0.09847561,-0.15017505,0.11857089,-0.08988185,-0.09985274,0.14044105,-0.052774616,-0.001152345,0.06993001,0.15240787,0.027244614,-0.120884225,0.1226913,0.10402774,0.09178203,-0.021405593,0.07853666,-0.06591372,-0.054346427,-0.02923613,0.10136945,-0.05842198,0.023621712,0.08070059,0.11587892,-0.04031798,0.07689405,0.059032,0.040673252,-0.13030729,-0.06862179,-0.060281247,-0.08561551,0.11941942,-0.03398917,0.110698044,0.13790679,-0.09012954,-0.08970715,-0.0010197301,0.03680884,-0.08707732,0.087885045,0.061767463,-0.13834257,-0.12195617,-0.022419626,0.084327996,-0.015439713,-0.031722464,-0.0841835,-0.08123614,0.03620648,0.09217818,-0.050623193,0.078781895,0.015255511,0.07483987,0.04519861,-0.11121871,-0.10205007,0.12901859,-0.11802964,0.014788587,-0.14064112,-0.097636305,-0.060996547,0.14522414,-0.14966787,-0.080144234,-0.03774948,0.096985824,0.10130982,-0.07925107,-0.005253523,-0.009257113,0.031086812,-0.09522194,0.1524462,0.09860354,0.12555118,-0.084190644,-0.060618438,-0.12965871,0.01632403,-0.061353296,0.08365468,0.03953508,0.13301878,-0.06251825,0.16886997,0.042460784,-0.111368924,0.06628528,0.0107887965,0.114661135,0.05019498,-0.036167562,-0.05299102,0.031445626,0.08501788,-0.07827131,0.03645462,-0.16251124,0.054952666,-0.035435647,0.117667735,0.0038782933,0.041473545,0.074585736,0.06660809,0.017093765,0.076050304,-0.14325632,-0.10447377,-0.106160216,-0.12697133,0.104368545
-0.019066455,-0.04805097,-0.023589725,0.09019411,-0.050347444,0.006564699,0.13062608,0.04867212,0.14424394,-0.1298188,-0.106001355,-0.14699377,0.1403602,-0.07724898,-0.11710547,0.1470733,-0.01685752,0.015888048,0.061948165,0.12333238,0.042096872,-0.11078245,0.094090864,0.11351304,0.058342814,0.00026849908,0.07331933,-0.027090454,-0.038029008,-0.030696744,0.1075186,-0.087247364,0.032998513,0.044205982,0.12022056,-0.07946795,0.12676466,0.030473052,-0.010752291,-0.12622656,-0.10102151,-0.07304809,-0.09755945,0.118469276,-0.006892852,0.12002467,0.12701291,-0.076829,-0.08949186,0.06307443,-0.008333196,-0.066005535,0.10433224,0.07914907,-0.13869481,-0.14369206,-0.015713518,0.09967501,-0.003677369,-0.038879223,-0.08191593,-0.05778801,0.029619418,0.08374085,-0.01694691,0.08455914,-0.011137664,0.029329935,0.058259424,-0.0855892,-0.12849233,0.1411855,-0.11345872,0.07276402,-0.13742267,-0.09571364,-0.037984934,0.14699577,-0.112138525,-0.089938164,-0.05050415,0.12058841,0.12960504,-0.10802852,-0.0029165966,-0.009129051,0.06887959,-0.11428352,0.13201277,0.06461948,0.14378956,-0.097569495,-0.07579056,-0.15391473,-0.007800983,-0.021213267,0.05496825,0.018948968,0.12377309,-0.079349205,0.15994152,0.028104883,-0.09132402,0.040220283,-0.04271975,0.13733879,0.042134263,-0.013900953,-0.040560234,0.038011953,0.088292904,-0.09352682,0.06929711,-0.15155007,0.066640474,-0.029940126,0.09376198,0.015919145,0.04250959,0.055818856,0.084282234,0.009997566,0.050837193,-0.13417609,-0.07321829,-0.10990051,-0.100860216,0.12778796
0.08670634,-0.07877892,0.098712355,-0.030204505,-0.0639834,0.059677538,0.0014463534,-0.026313603,-0.08342711,0.05699068,0.04495001,0.06236147,-0.063621856,-0.00811156,0.093320884,-0.13579717,-0.13057679,-0.08623736,-0.00034905478,-0.0048572817,-0.08934022,0.01874678,-0.0034345323,-0.10537647,0.05440938,-0.11261308,-0.0687021,-0.11981979,-0.00018710806,-0.0102173695,-0.09123937,0.15589973,-0.1715562,0.045152646,-0.08114858,0.10518949,-0.13349555,0.039840743,0.076302186,0.047574174,0.12917058,0.17366137,0.085874856,-0.08355207,-0.031502236,-0.07003908,-0.07626992,0.008268795,0.18490253,-0.11636606,0.09692403,-0.07287547,-0.18415554,-0.091738716,0.1755765,0.12731628,0.042271856,-0.09774258,-0.09020572,0.08317245,0.032645307,-0.05281891,0.0038297079,0.009942828,-0.060804322,-0.14641912,0.08271099,0.074357204,-0.06320455,0.011396798,0.12809584,-0.054574326,0.028114812,-0.10377835,0.12221461,0.12671462,-0.014347853,-0.08207986,-0.0035298176,0.06527184,0.05971477,-0.13224436,-0.13726582,0.13807915,0.08392067,-0.083357476,-0.14820156,0.12028854,-0.06697256,-0.023859162,-0.14685293,0.06087351,-0.027946606,0.151925,0.108591326,-0.05627232,-0.001516279,-0.008019072,0.010976872,0.14842926,-0.069470465,0.07279223,-0.022217952,0.03923322,0.110284865,-0.12673719,0.07150003,-0.05362774,0.0022961746,-0.016060425,-0.10464961,0.0544833,-0.12462501,0.083484136,-0.15540677,-0.009964791,-0.014950437,-0.0014917272,-0.03715499,0.060848273,-0.15465961,0.03352222,0.02664454,0.087295525,-0.070924796,0.06561114,-0.02676134,-0.056012668
0.10153508,-0.090269215,0.09047776,-0.009359439,-0.10295807,0.08505758,0.04331462,0.007787524,-0.0438632,0.029370803,0.008426701,0.021145944,-0.028141024,-0.047549136,0.050525736,-0.09831243,-0.13760613,-0.10403476,0.036654748,0.059721902,-0.09797658,-0.03300077,0.07787645,-0.1358267,0.10987712,-0.12336063,-0.046147767,-0.13152991,-0.033018317,-0.029210595,-0.038564917,0.13489307,-0.17195421,0.09483416,-0.06169207,0.13886137,-0.12935866,0.11583203,0.12425116,0.011052623,0.12522732,0.14142151,0.08273781,-0.030156674,-0.040921845,-0.017238343,-0.020922465,-0.014005839,0.1588345,-0.15307795,0.11576953,-0.09143928,-0.14361575,-0.09188545,0.13547908,0.10819981,0.039328564,-0.06414702,-0.097506605,0.08650128,0.014228624,-0.08826886,0.016351376,0.07029417,-0.12316972,-0.121654704,0.10254623,0.12301581,-0.07807232,-0.040097352,0.098607644,-0.037924945,0.010204347,-0.14190306,0.07830354,0.11515273,-0.05879553,-0.0533444,-0.050039843,0.05544831,0.075988844,-0.10844916,-0.10201564,0.12708017,0.09088529,-0.06255603,-0.1601426,0.09806853,-0.026464494,0.021909075,-0.094922416,0.03769915,-0.04143893,0.117221996,0.15196535,-0.08523647,0.029846275,0.041136198,0.044344265,0.119491905,-0.051114015,0.12042059,-0.06075878,0.063908555,0.14093256,-0.110685155,0.07787102,-0.05437728,-0.026919955,-0.015472763,-0.078784116,0.0029743141,-0.13518755,0.035281014,-0.15280537,-0.009895179,0.023022555,-0.0016486145,-0.047023166,0.09991071,-0.1719684,0.05443679,0.08706532,0.030864714,-0.07995443,0.054246906,-0.05460773,-0.042685457
0.0028542406,-0.1255235,0.025372664,0.098766044,-0.10604746,0.055659704,0.14395128,0.07862215,0.12733856,-0.14461933,-0.13996764,-0.10996409,0.1254612,-0.10190781,-0.10506647,0.10696937,-0.09442803,-0.010955763,0.08999201,0.18343492,0.021105388,-0.14422925,0.1609,0.077348195,0.085852526,-0.04171765,0.06646324,-0.06477807,-0.03603372,-0.040236317,0.11315899,-0.06060537,-0.030110426,0.072573796,0.12566261,-0.03192286,0.08301748,0.06614908,0.05657843,-0.087818444,-0.05951274,-0.019382149,-0.055718973,0.12241048,-0.029280476,0.09815991,0.109913446,-0.100178346,-0.009047285,0.013272532,0.035962828,-0.09699442,0.088933505,0.055596802,-0.08542397,-0.11131152,-0.0071917735,0.089437604,-0.057419125,-0.01723484,-0.07339438,-0.09331319,0.04143107,0.11224336,-0.087824605,0.042084355,0.04158776,0.07062459,0.03755696,-0.09355717,-0.12488772,0.122199066,-0.14417629,-0.00978954,-0.11170218,-0.08357511,-0.03477234,0.14714706,-0.15504816,-0.08018303,-0.04819673,0.075207144,0.087463774,-0.09716061,0.012058408,-0.031760048,-0.017192872,-0.07908681,0.1474282,0.10411877,0.1241399,-0.09304435,-0.09162675,-0.100654066,0.02823964,-0.08576086,0.07625555,0.058351267,0.13869147,-0.0365616,0.14806066,0.07664497,-0.112102516,0.05898476,0.011440415,0.12578453,0.070158616,-0.06446776,-0.056559138,0.052362125,0.04288354,-0.04631694,0.028641019,-0.11368264,0.019305708,-0.05656668,0.1397096,0.00146779,0.03897591,0.059203606,0.056945067,0.054932587,0.08368078,-0.12005285,-0.11658701,-0.086315185,-0.13337253,0.095082045
-0.08779263,0.120782025,-0.07555289,-0.07275869,0.12661406,-0.06819898,-0.13405704,-0.045807187,-0.07989426,0.06833687,0.0729137,0.10335658,-0.08237135,0.09572027,0.049953368,-0.04640149,0.13200663,0.084557824,-0.09924161,-0.13459451,0.058509674,0.14387318,-0.14115168,0.033051267,-0.15079018,0.11624517,-0.032799587,0.1389102,0.07818696,0.077702396,-0.07298396,-0.038064282,0.11270813,-0.13994879,-0.043925446,-0.061209183,0.03013673,-0.1427454,-0.14083673,0.10477327,-0.03671097,-0.0517046,0.018494045,-0.073466256,0.041823417,-0.12688318,-0.10548841,0.057334755,-0.053653225,0.104826085,-0.09357769,0.13864683,0.053670406,0.024979712,0.026580125,0.018807191,-0.027272075,-0.013777002,0.07951334,-0.048271712,0.039404508,0.13151668,-0.047930177,-0.14382012,0.13980475,0.034576412,-0.098908775,-0.12053853,0.035527326,0.13909908,-0.0012265637,-0.083360344,0.079893164,0.09747421,0.045343064,-0.018019507,0.103241675,-0.058482118,0.13373092,0.034956016,-0.06276383,0.03641986,0.0035491143,-0.0030760744,-0.083833724,0.043860894,0.09087418,-0.026098005,-0.10015608,-0.1045398,-0.06329331,0.038905352,0.11397358,0.032689624,-0.1335455,0.09506378,-0.095890425,-0.06876863,-0.13512161,-0.040396422,-0.105746485,-0.1346112,0.1154716,-0.09432388,-0.09770727,0.0041232514,-0.06697885,0.049089503,0.07584708,-0.023459317,-0.0014677044,0.10348582,0.06753494,0.12703349,0.07665966,0.026010595,-0.12142035,-0.012021093,0.003338554,-0.15236256,0.08829154,-0.060055237,-0.13318077,0.082817346,0.10590885,0.064681,0.14475766,-0.06299491
0.095263965,-0.086322136,0.08606233,-0.008161722,-0.06975619,0.070965074,0.0014892126,-0.0051084775,-0.058115456,0.06778981,0.04856125,0.07940479,-0.078492925,0.016711073,0.087829985,-0.10710676,-0.13856494,-0.12519358,-0.010878782,0.01356119,-0.107801676,-0.0053678905,0.02695778,-0.16614094,0.06689238,-0.10022558,-0.052244127,-0.11270531,-0.014398871,-0.018766703,-0.061510894,0.14721942,-0.14509998,0.051934537,-0.06511945,0.11685122,-0.11917665,0.11818121,0.10575319,0.030898621,0.16297382,0.1269673,0.08591901,-0.072213516,-0.0419622,-0.041340757,-0.015658662,0.016206788,0.15013908,-0.13987207,0.07985732,-0.04679718,-0.15563375,-0.09261218,0.18736881,0.09995282,0.024260994,-0.10823104,-0.09113929,0.086587034,0.02642523,-0.044971477,0.0019066661,0.049613025,-0.080205575,-0.107586704,0.121226326,0.11786145,-0.061573733,-0.02610563,0.13121396,-0.09051376,0.060936082,-0.16506065,0.0836079,0.15289536,-0.04220293,-0.088128574,0.007265991,0.07290522,0.07835738,-0.11805723,-0.0955347,0.11382434,0.07992271,-0.06879979,-0.13872094,0.09886956,-0.06910025,0.002355526,-0.10748563,0.057119317,-0.021374151,0.13435431,0.13033321,-0.074645735,0.033930615,0.025767453,0.027505651,0.1241734,-0.06657499,0.08393534,-0.060850706,0.039023414,0.109954484,-0.13908328,0.028719129,-0.040858995,0.010921421,-0.021849623,-0.10937148,0.03556846,-0.15708576,0.06339481,-0.1395004,-0.008143147,-0.012772743,-0.018786706,-0.049401075,0.09456918,-0.17996784,0.047766585,0.052340984,0.057708442,-0.02985301,0.091755405,-0.011261586,-0.034428384
0.1240681,-0.16743577,0.006608838,0.01628079,-0.09384703,-0.010254056,0.124644876,0.026017452,0.093486495,-0.039810672,-0.045549452,-0.08003406,0.11610751,-0.15373346,-0.06896237,0.033468828,-0.16560782,-0.084534295,0.07102209,0.16784729,-0.035409156,-0.091960624,0.18177804,-0.005624368,0.17369238,-0.07977452,0.034252882,-0.09494796,-0.023990063,-0.01266198,-0.009326381,0.046147045,-0.09618251,0.057491887,-0.007490315,0.04119575,0.051342703,0.13983004,0.18265736,-0.039911486,0.053664356,0.022417106,-0.066664785,0.11855072,-0.027305055,0.020621674,0.09572125,-0.065437384,-0.041806508,-0.11485806,0.074106574,-0.06080236,-0.1007787,0.00062870025,-0.02177545,-0.023386938,0.0072739054,0.0705858,-0.082283355,-0.014171529,-0.07684675,-0.13845104,-0.006448497,0.15764588,-0.1453995,0.010492408,0.08125033,0.15683532,0.03198113,-0.0616519,-0.0024093592,0.07815316,-0.09134385,-0.13357662,-0.029398315,-0.12478219,-0.07886722,0.0666332,-0.12863047,-0.020108832,-0.035263315,0.119509496,0.038466822,-0.014242548,-0.010660124,-0.044767592,-0.028957514,-0.02377895,0.1321165,0.10579506,0.05309347,-0.08321171,-0.036501,-0.03244757,0.104121976,-0.07927183,0.014245667,0.02808516,0.23855059,0.012409053,0.08656398,0.12690492,-0.11518489,0.07662888,0.11127273,0.0040759575,-0.026388297,-0.11367042,-0.03466096,0.021997722,-0.0027423606,-0.05039886,-0.092873536,-0.026202355,-0.17651302,-0.012833294,0.0856256,0.050593875,0.036273275,0.14711292,-0.051576685,0.08324139,0.11502203,-0.04576185,-0.16346689,-0.04964005,-0.113218464,0.14203113
0.05511455,-0.07686674,0.03453934,0.119407706,-0.008986197,0.090353474,0.17341366,-0.009160366,0.045622073,-0.04902754,-0.11596894,-0.036154117,0.06853172,-0.12337722,-0.13991037,0.11517672,-0.038199544,-0.03321151,-0.07712733,-0.029775724,0.03246874,-0.04961255,-0.11749956,0.11811657,0.044151083,0.082759485,-0.0045189923,-0.17220743,-0.032751366,-0.010983373,-0.07570299,0.2367486,0.24649489,-0.088232905,0.11311748,-0.061668444,0.1283103,-0.044592123,-0.043573543,-0.07332913,0.14276238,0.04341203,-0.10517209,-0.007912502,-0.119512655,-0.12937047,0.16346493,-0.050373975,-0.064977765,-0.061230063,0.09899912,-0.032700412,-0.04600581,-0.028636914,0.031166451,-0.19453967,-0.029962705,0.02136176,-0.10273981,0.025540337,-0.074086964,-0.029166179,0.041620985,-0.021181539,-0.032635216,0.04764059,0.0630866,0.0072838413,0.13120593,0.080468364,0.007714596,-0.05625923,-0.092839025,-0.013224635,-0.15674505,-0.08365281,0.13705105,0.03337227,0.070980646,-0.051442135,-0.22006784,0.05751978,0.046363294,-0.059879616,-0.020652147,-0.096562445,0.082437,-0.08935513,-0.0020840887,-0.014474571,0.03992234,-0.022798691,-0.031654183,-0.008156542,-0.039129514,-0.03802513,-0.01994739,-0.08355136,0.04490903,0.082194686,-0.041485947,-0.048846126,-0.11985737,-0.0375834,-0.011222291,0.018874347,0.09079909,-0.1195914,0.06840233,0.07838002,-0.039437287,0.15084553,-0.14840098,-0.027893512,0.0636125,-0.13725173,-0.04066176,0.024276441,0.017032573,0.19251394,0.07199707,-0.11045552,0.07050983,-0.10487299,-0.06885365,-0.027564833,0.100369886,0.1336351
-0.064348824,0.12254303,-0.056989986,-0.0944424,0.12503222,-0.06569668,-0.16112278,-0.064868696,-0.11721769,0.09515434,0.10817802,0.10777754,-0.119194135,0.102557376,0.06868839,-0.06561263,0.11765152,0.08945872,-0.10622361,-0.1598793,0.035548158,0.14310211,-0.15924866,0.0042936034,-0.1402068,0.09154675,-0.04320587,0.13034317,0.07750042,0.066693164,-0.08878412,-0.008746089,0.099615626,-0.1251209,-0.066431366,-0.032897774,-0.0034817804,-0.12946652,-0.09728435,0.10334289,-0.0020979817,-0.029661182,0.038526934,-0.096928746,0.04818848,-0.10231803,-0.11720529,0.07319373,-0.029817246,0.06905504,-0.0789762,0.11919935,0.0041809324,0.0060036406,0.038022365,0.048035793,-0.02100265,-0.04596385,0.08319502,-0.030487714,0.06365085,0.12641804,-0.036993973,-0.13062912,0.11664288,-0.0030064152,-0.07903266,-0.1313905,-0.004415141,0.122826144,0.0378625,-0.10616692,0.083866596,0.059063554,0.07148366,0.00392825,0.10089207,-0.09846049,0.14931655,0.049346462,-0.02529823,-0.020554354,-0.031804144,0.010706941,-0.06487331,0.049949005,0.059351075,0.03642074,-0.107089266,-0.09949641,-0.08167522,0.07120818,0.10286931,0.06290413,-0.09563811,0.10655399,-0.10493736,-0.075761475,-0.15640377,-0.0053959596,-0.110454276,-0.110616714,0.13916256,-0.0972079,-0.06162258,-0.030461904,-0.0805675,0.069665655,0.06829962,-0.028041948,-0.012762186,0.110059455,0.035862654,0.14556377,0.06512982,0.04499608,-0.12552232,-0.004619949,-0.005052009,-0.12180742,0.0487634,-0.06721867,-0.11949825,0.10966653,0.12521556,0.06844599,0.13313007,-0.10544098
0.050329346,-0.08387738,0.06892956,-0.06710698,0.0012316317,0.019195963,-0.029140875,-0.02431661,-0.08786832,0.13519539,0.08748062,0.11396413,-0.08269103,0.035695124,0.10879044,-0.1197896,-0.085009076,-0.058156576,-0.035267286,-0.06345933,-0.08268504,0.082570426,-0.02804754,-0.117783815,0.030051468,-0.05680085,-0.066834345,-0.07520055,0.055765886,0.035269074,-0.090050004,0.13566887,-0.14468838,-0.006595629,-0.086872175,0.08616576,-0.078147486,0.045092095,0.07906433,0.09671572,0.19517279,0.11467157,0.050231893,-0.09252469,-0.013276246,-0.085730016,-0.09623883,0.016843084,0.19660574,-0.14131977,0.005652333,0.03855841,-0.13930792,-0.0785087,0.18716773,0.14706619,0.009795923,-0.10894361,-0.055450138,0.03149372,0.035707418,-0.0154859265,-0.004817767,0.018371329,-0.053858783,-0.1475409,0.094712906,0.06735976,-0.028833326,0.04373276,0.098106675,-0.1414466,0.081048876,-0.11744854,0.13401856,0.11965501,-0.0030810873,-0.09411818,0.011676263,0.078676045,-0.011400184,-0.10786567,-0.10227843,0.13484415,0.010166731,-0.021336576,-0.16829123,0.16010591,-0.101080514,-0.021541717,-0.09713619,0.14092158,-0.020428395,0.1711146,0.07681904,-0.025945026,-0.0108606545,0.017684937,-0.036044464,0.12907849,-0.11560868,0.09480557,0.048010822,0.048153725,0.093132064,-0.13047199,-0.018261012,-0.07764716,0.03994597,-0.0021180906,-0.12689649,0.06602595,-0.12862188,0.13229088,-0.12047285,-0.034387182,-0.044485506,0.007217749,0.007281943,0.039976135,-0.13959174,-0.007985192,0.034715906,0.108753316,-0.021089774,0.09855406,0.0027084888,-0.067258336
0.06882681,-0.14483228,0.058064524,0.13432522,-0.112622604,0.109208256,0.16359118,0.05074118,0.091723464,-0.11698393,-0.10751859,-0.093274385,0.12612312,-0.118275754,-0.1044574,0.11532562,-0.08339721,-0.056601144,0.05175149,0.1348996,0.008285532,-0.13256963,0.12247653,0.047659505,0.07646002,-0.07843454,0.045516178,-0.11522501,-0.04701243,-0.055802997,0.07103831,0.08471598,-0.0006925453,0.080903105,0.13230704,-0.021598747,0.084227435,0.10392316,0.049051035,-0.10843736,0.050294723,0.017522486,-0.0878901,0.07947405,-0.0947774,0.041592475,0.13342296,-0.10914513,-0.0073626474,-0.058552377,0.08870959,-0.1083485,0.043359224,0.03255776,-0.05713367,-0.104665,0.0017712476,0.045887515,-0.10566095,0.034987193,-0.073154375,-0.10303293,0.10116131,0.09163101,-0.12057506,0.027882375,0.10452063,0.082567126,0.040472824,-0.05416187,-0.07495414,0.041016575,-0.12087288,-0.003289317,-0.15104766,-0.075139396,-0.009440871,0.12573378,-0.08634545,-0.086039014,-0.06536928,0.0702055,0.07158069,-0.06431743,0.030070495,-0.08994451,-0.008841502,-0.079833746,0.12970287,0.08010655,0.07989818,-0.059114758,-0.112019815,-0.09709542,0.09873701,-0.08537422,0.06057871,0.023994518,0.13264175,0.012739711,0.10575541,0.06550258,-0.18041018,0.06437556,0.04702487,0.05434553,0.08791158,-0.08394055,-0.028310157,0.06746226,0.027467668,-0.05042034,-0.041498758,-0.12315852,-0.0024853237,-0.087200835,0.10922151,0.023744565,0.041649085,0.17132445,-0.003098867,-0.0024227293,0.13756122,-0.13037404,-0.13656716,-0.08418837,-0.123027205,0.12622528
-0.014426975,-0.06831078,-0.00021908816,0.09070456,-0.068837896,0.0066245487,0.16357893,0.076604545,0.13244037,-0.09442816,-0.06127311,-0.017518735,0.13622247,-0.077390105,-0.11277676,0.15490852,-0.020851124,0.010464859,0.096379116,0.118231915,0.05436051,-0.07966438,0.11357161,0.07234101,0.03508634,-0.020327436,0.097961545,-0.026387729,-0.011603988,-0.0031319205,0.09947129,-0.09884009,0.0140506,0.07056729,0.118413515,-0.079250775,0.15464367,0.056707527,0.01506724,-0.06689085,-0.058972817,-0.07220192,-0.12794901,0.07189925,-0.023044765,0.08260385,0.16289367,-0.09704694,-0.12638934,0.011697978,-0.0046946798,-0.10062938,0.13452627,0.104184866,-0.20511793,-0.14499839,-0.053108834,0.073947705,-0.011946023,-0.029098084,-0.09610838,-0.08151224,0.063656196,0.09052793,-0.024343956,0.10217306,-0.025801742,0.026785871,0.05359647,-0.009363011,-0.14316057,0.08743826,-0.08184542,0.09045404,-0.1564892,-0.09014596,-0.018881505,0.1574817,-0.12613903,-0.059446488,-0.051284052,0.11219323,0.16020845,-0.043552544,-0.046204083,-0.028776426,0.04195349,-0.07884915,0.13140175,0.07926907,0.13211104,-0.04518131,-0.051894676,-0.17324288,-0.0058535514,-0.05652381,0.11762032,0.032596517,0.15780471,-0.05469216,0.15895557,0.047269728,-0.085451804,0.023476763,0.04406194,0.11793854,0.021547372,-0.031867262,-0.028294135,0.04063471,0.08673305,-0.07554882,0.05590275,-0.13080174,0.042918712,-0.05854571,0.08779841,0.016608482,0.095864385,0.0005522962,0.07279153,-0.00904125,0.031756807,-0.13930078,-0.099171266,-0.05579467,-0.12339922,0.109698005
-0.00038174415,-0.0888878,0.016640468,0.079315886,-0.09597598,0.033165548,0.14528258,0.056945298,0.13512354,-0.12696472,-0.11106679,-0.1505173,0.14920852,-0.10224625,-0.12337173,0.1198993,-0.07415595,-0.012597026,0.08899969,0.1573015,0.029296502,-0.10025192,0.13799891,0.07483182,0.092507765,-0.035755683,0.07599952,-0.06958539,-0.052848484,-0.045870315,0.09203573,-0.07058052,-0.006392538,0.06814869,0.095571145,-0.032715846,0.08724108,0.052441604,0.045943294,-0.136151,-0.06404429,-0.034987435,-0.089175306,0.119876824,-0.040524527,0.10190773,0.12792721,-0.08874303,-0.057753257,0.02781292,0.031764153,-0.07407653,0.07873249,0.05880146,-0.12928973,-0.11206697,-0.019306766,0.09190001,-0.029344345,-0.026282312,-0.08384329,-0.0928753,0.044758998,0.099078074,-0.06604302,0.07115186,0.022714926,0.07651608,0.03216578,-0.090721644,-0.11063586,0.1450898,-0.12481055,0.019721055,-0.13726397,-0.08398068,-0.07415858,0.13883294,-0.13164195,-0.077461466,-0.04411758,0.094752565,0.099248156,-0.09676354,0.0075367466,-0.019618059,0.019080644,-0.08214227,0.14875172,0.10708916,0.11270887,-0.09357079,-0.08928732,-0.14155796,0.019734677,-0.06738021,0.07051861,0.047837112,0.14711149,-0.05792746,0.15711193,0.05204953,-0.11933249,0.066358835,0.025511919,0.119522,0.0626808,-0.03839494,-0.059106585,0.03801207,0.07025744,-0.087629676,0.04191189,-0.1357589,0.020467881,-0.040549047,0.100276396,0.008390378,0.040420018,0.07321015,0.038839392,0.034686413,0.088310376,-0.14033915,-0.121907465,-0.10643368,-0.12015818,0.094437644
0.078866005,-0.13154237,0.08214413,0.06895701,-0.1405883,0.0948332,0.16120687,0.057169255,0.04993813,-0.08766406,-0.08738384,-0.040065043,0.039248887,-0.09752184,-0.003668157,0.02830093,-0.18188615,-0.09796427,0.06796592,0.12669963,-0.069306456,-0.123292044,0.15156968,-0.039782383,0.12876134,-0.116834804,0.011172768,-0.11816572,-0.0512178,-0.05533501,0.03838456,0.07183896,-0.14676692,0.114050336,0.0539475,0.07456171,-0.028280314,0.1253696,0.10873886,-0.051324565,0.07605997,0.09704629,-0.0021112263,0.059882965,-0.025386924,0.061557636,0.09160889,-0.08156004,0.08222092,-0.13977137,0.09902825,-0.13841657,-0.07268747,-0.04632973,0.050265025,-0.0046527493,0.018203197,-0.0010942627,-0.09655438,0.04868504,-0.049381655,-0.1175354,0.024604302,0.13899042,-0.120632045,-0.0380471,0.096272655,0.16552038,-0.017809933,-0.12126197,0.0005481699,0.061195344,-0.08238088,-0.105653435,-0.03250689,0.05655199,-0.08112551,0.045760177,-0.14201666,-0.014063825,0.024413437,-0.006669189,-0.0046533155,0.055351928,0.062736906,-0.083169825,-0.13012931,-0.0009343561,0.07580099,0.076998435,0.019262476,-0.040102735,-0.09917556,0.017887162,0.12145708,-0.11140676,0.09447311,0.068542406,0.14557037,0.06000781,0.096144214,0.12795994,-0.16517259,0.10033122,0.107024305,-0.003768589,0.10384534,-0.1046079,-0.058677096,0.035388093,-0.0101352455,-0.0676121,-0.119734846,-0.060306873,-0.104252465,-0.034350388,0.114388436,-0.004421459,0.0017566634,0.14179328,-0.09152038,0.07682663,0.099883646,-0.053066924,-0.14411278,-0.022832843,-0.14174885,0.06796801
-0.08033293,0.124014586,-0.084428474,-0.07000039,0.11040125,-0.07713288,-0.12750827,-0.05418166,-0.10048825,0.07589772,0.10868251,0.104271136,-0.10664108,0.12594546,0.05324773,-0.06476986,0.1278372,0.103799745,-0.10374399,-0.15799621,0.051889803,0.14143856,-0.1726636,-0.012969837,-0.13560225,0.11108944,-0.012066166,0.099203266,0.07646055,0.08266767,-0.08138557,-0.036236268,0.076554455,-0.12766464,-0.053631883,-0.047163844,0.00925119,-0.15746744,-0.10806821,0.09303663,-0.06488841,-0.031399105,0.039895333,-0.09784619,0.050593246,-0.09448861,-0.09975273,0.064883724,-0.0445879,0.121372044,-0.077745974,0.093780935,0.030841062,0.00994091,0.042330198,0.054357845,-0.033688884,-0.036074117,0.072875224,-0.037918765,0.051504634,0.12561573,-0.028398747,-0.09676715,0.109117135,-0.019075427,-0.09150305,-0.16172175,0.015358848,0.13876787,0.004214351,-0.0933822,0.07878372,0.09269441,0.09824864,-0.0060647666,0.1069472,-0.06170108,0.1536736,0.033605233,-0.011471252,-0.020479023,0.0010252327,0.0060908073,-0.05510432,0.042982604,0.06830669,0.021576358,-0.11496016,-0.10871186,-0.052543532,0.07231533,0.106545836,0.067546755,-0.087101534,0.12769671,-0.11211343,-0.07887121,-0.13508163,-0.008332005,-0.11130911,-0.11081035,0.14100218,-0.09986184,-0.08756406,0.020655442,-0.056718163,0.06423073,0.07125516,-0.004746343,-0.0001797097,0.09264972,0.06723097,0.12568772,0.0980852,0.030569706,-0.13180555,-0.002820185,-0.003474807,-0.115125425,0.07570932,-0.07565053,-0.15305017,0.076790534,0.1271866,0.064595684,0.11804071,-0.09616272
-0.06684075,0.10851981,-0.029061839,-0.0756095,0.05533565,-0.06100931,-0.15670238,-0.05832592,-0.16105877,0.090918966,0.104569614,0.1315657,-0.15100251,0.113149814,0.07565889,-0.054181263,0.09312502,0.09124436,-0.13031642,-0.15602508,-0.025864992,0.14642729,-0.15566209,-0.05516839,-0.1194312,0.05372774,-0.06351781,0.120740116,0.101610534,0.076265745,-0.06743198,-0.0028887633,0.044271566,-0.14514048,-0.084387876,-0.009285145,-0.01990025,-0.11159388,-0.11021015,0.12870774,-0.0045789257,-0.023654208,0.07642209,-0.10534907,0.05563541,-0.07031984,-0.11991495,0.046277314,-0.009035541,0.0482876,-0.088641375,0.14079638,0.0035394398,0.0027177855,0.071759075,0.09742647,0.012873885,-0.05466534,0.051009323,-0.010980066,0.027571768,0.16938633,-0.06000758,-0.13892016,0.16200952,-0.029006593,-0.0659466,-0.12531893,-6.1424726e-05,0.06082969,0.050197296,-0.16974737,0.106864,-0.014413957,0.089740664,0.056887414,0.07507572,-0.10499719,0.12959144,0.07172588,-0.04860728,0.010571504,-0.041498657,0.037749518,-0.05088566,0.046655003,0.016310863,0.032703348,-0.12060437,-0.10247629,-0.060594086,0.09701055,0.11428172,0.12509923,-0.04069355,0.1332635,-0.11075303,-0.05419962,-0.11759042,4.9018863e-06,-0.062401354,-0.13057941,0.09726982,-0.06834793,-0.06910989,-0.050240304,-0.06539378,0.04779007,0.09501667,-0.03392884,0.0040374305,0.11213321,-0.04434227,0.13301034,0.041312918,0.041291673,-0.11287108,0.02025672,-0.0033382582,-0.093884915,0.035147034,-0.049780823,-0.16471083,0.08937798,0.064046904,0.08016498,0.09384341,-0.09533605
-0.11034463,0.114260726,-0.09857248,-0.05313364,0.12829678,-0.07208308,-0.11624084,-0.029901365,-0.039666917,0.030025557,0.055323098,0.059788253,-0.022629123,0.06817253,0.013012228,0.004379235,0.13760807,0.103962794,-0.07358671,-0.11629936,0.09401639,0.09770096,-0.11207853,0.06739018,-0.14918627,0.107241936,0.0022835592,0.15392722,0.08112283,0.065640494,-0.037841883,-0.07952327,0.13800499,-0.13157943,-0.007151662,-0.10724614,0.07165398,-0.16101323,-0.11197043,0.07241893,-0.075176686,-0.10297044,-0.0049077175,-0.04494334,0.045592103,-0.058657404,-0.0820142,0.045317642,-0.11374025,0.14244832,-0.10915599,0.14066702,0.11319479,0.05815273,-0.051187787,-0.043756228,-0.03291557,0.030708876,0.084782965,-0.076513946,0.014220926,0.12509781,-0.041807465,-0.116149314,0.140265,0.070785314,-0.12711231,-0.15532786,0.04562976,0.11626172,-0.04104402,-0.024940586,0.03473724,0.10918868,0.009474025,-0.0700282,0.10596299,-0.014357931,0.10133023,0.0060218005,-0.07570953,0.08055309,0.04319935,-0.07802545,-0.11025766,0.059792377,0.1611334,-0.0438807,-0.019891785,-0.08856998,0.00931586,0.00825042,0.11579567,-0.021839399,-0.14287852,0.11889791,-0.099634655,-0.07244244,-0.08504027,-0.073047236,-0.03728438,-0.12873371,0.12443109,-0.10539179,-0.11632166,0.061395545,-0.09574065,0.07095488,0.055461872,0.0036690987,0.04227234,0.08278078,0.084354624,0.06294588,0.11670526,0.028027678,-0.088988036,0.0064130817,0.023087744,-0.13592479,0.16282986,-0.061359774,-0.14970809,0.022345351,0.12275799,0.020814637,0.09913644,-0.020035041
-0.043160044,-0.06628754,-0.061747678,-0.10147253,-0.11922533,0.00905937,0.1524492,0.03889113,0.09143333,-0.16873744,-0.18488774,-0.032308407,0.10038138,-0.11854633,-0.1975428,-0.13283592,0.10386671,0.0404797,0.036796547,-0.112723924,-0.021851348,-0.102423996,0.16188833,0.13002348,-0.012641012,0.08500158,0.08746231,-0.07939815,0.005819334,-0.059787102,-0.06516578,0.035713725,0.011340731,-0.1179902,0.08385957,-0.01564083,0.18272884,-0.12616275,-0.03681982,-0.12803897,-0.12505864,0.09936444,-0.026233708,0.04277013,-0.014377854,0.048113152,0.11831652,-0.05821078,-0.09418973,0.20044225,0.013504999,0.14952657,-0.024777742,0.095738694,-0.044619124,-0.062878,-0.06831101,0.1353912,-0.07736402,-0.07520252,-0.121165514,-0.047148064,0.012343352,-0.06603467,0.0038613752,0.094433986,-0.15666595,0.058073435,0.04750669,0.038676858,-0.05631726,0.1059751,-0.08129266,0.050261192,-0.047153328,-0.004026329,0.062585905,0.043286838,-0.035158582,-0.08105621,-0.14367165,0.092395,0.13096245,-0.06481677,-0.035545632,-0.008425853,0.08069339,-0.1246244,0.013426228,-0.023810461,0.054453403,-0.13176566,0.002432328,-0.040281072,-0.08908886,0.029831614,-0.03710105,-0.07527121,0.21761976,-0.0017136268,0.060421947,-0.07817266,0.016923029,0.026910204,-0.01582091,0.12714584,0.10391748,0.031765793,-0.021583078,0.05779245,0.10295436,-0.09039375,0.080651216,-0.02288355,-0.008176292,-0.056002535,-0.053011503,0.11427455,0.099693075,-0.04269646,0.14026636,-0.02520382,-0.042038955,-0.06747194,-0.15684657,-0.07516816,-0.028170012,0.008293178
-0.074971765,0.1143436,-0.070143536,-0.09776467,0.14454386,-0.08761155,-0.1329255,-0.058138553,-0.10744973,0.086191334,0.09389409,0.12852256,-0.08864012,0.09997492,0.054956704,-0.049391672,0.11294843,0.08264835,-0.09723378,-0.19041856,0.04132135,0.13391578,-0.14342742,0.012484311,-0.13874352,0.090534136,-0.038377058,0.13498263,0.08459901,0.060454264,-0.085826956,-0.023953937,0.11696769,-0.1362984,-0.06154952,-0.035530444,0.02675013,-0.136345,-0.10718751,0.12207032,0.007975371,-0.042569384,0.021985224,-0.08618944,0.0724075,-0.096368834,-0.12022617,0.08519881,-0.048031572,0.06296126,-0.09003899,0.14727993,0.039053947,0.00013963942,0.03716137,0.031977203,-0.001962276,-0.025198614,0.071612485,-0.039116304,0.05038789,0.14355852,-0.044936884,-0.14128198,0.12113003,0.0033464741,-0.09440788,-0.121250264,0.021331526,0.14905573,0.04290771,-0.084488034,0.110020034,0.05215795,0.071981624,0.024446657,0.09835232,-0.0821206,0.1435371,0.06071684,-0.06093978,-0.010271547,-0.027103864,0.016621932,-0.06323358,0.064234704,0.08771833,0.0072869454,-0.09462858,-0.10894312,-0.057054,0.07548772,0.09980074,0.06900666,-0.090422034,0.08879582,-0.09694599,-0.051882256,-0.120712504,-0.025599763,-0.10412516,-0.1065176,0.10650375,-0.10656467,-0.08498651,-0.024770379,-0.08836384,0.063137785,0.071547575,-0.03842287,-0.0133710215,0.10935605,0.02036968,0.09813875,0.06298142,0.046672553,-0.12247253,0.012174585,-0.00611467,-0.13083448,0.07803576,-0.056954198,-0.14546637,0.09720751,0.1213046,0.080433086,0.14137527,-0.062204186
-0.028014371,0.06742075,-0.001968976,-0.106243156,0.10680222,-0.023407111,-0.14243364,-0.06003013,-0.14224455,0.10902155,0.111886635,0.1549051,-0.14357153,0.0877392,0.1064929,-0.116248295,0.07382623,0.025945118,-0.09079473,-0.13658693,-0.0076648914,0.13005759,-0.11367833,-0.07012673,-0.09069871,0.046876434,-0.07296338,0.09347923,0.076584615,0.041607123,-0.1353974,0.072357126,0.013551102,-0.11698877,-0.08577602,0.02578363,-0.06922148,-0.08218982,-0.048222076,0.12055189,0.08224266,0.029816354,0.066765666,-0.12091504,0.017250594,-0.1199224,-0.12639026,0.10714676,0.046301,0.019312283,-0.042454552,0.12498898,-0.048650607,-0.05105339,0.107343204,0.087357394,-0.00046270137,-0.09616309,0.037591513,-0.0033752727,0.08469952,0.10007996,-0.020827752,-0.11893201,0.08083153,-0.031156981,-0.025794568,-0.063289635,-0.04226873,0.09727762,0.07216835,-0.12849888,0.1011163,-0.009976444,0.09949503,0.08345749,0.0731757,-0.14535238,0.14395303,0.08196641,0.010358843,-0.06814288,-0.09782016,0.05369853,-0.0487704,0.03288947,-0.013148274,0.0772895,-0.1557735,-0.10480682,-0.11978095,0.0778046,0.08804583,0.12632556,-0.06258675,0.08749231,-0.08283022,-0.039529063,-0.14347059,0.04718617,-0.1412282,-0.068462186,0.12643085,-0.07872209,-0.001578309,-0.11391278,-0.07695761,0.056788743,0.056896266,-0.025559677,-0.066518374,0.108297616,-0.031446557,0.1536144,-0.028798802,0.030242894,-0.13944907,0.014805901,-0.015614037,-0.09269312,-0.023703959,-0.05360541,-0.056478683,0.13443744,0.110809356,0.10982754,0.13510837,-0.10115546
0.0988633,-0.09748035,0.09812223,0.0014148256,-0.12839907,0.09874133,0.0687973,0.011270106,-0.013926572,0.07229024,0.0346557,-0.0008336102,0.028078413,-0.123403735,0.03512686,-0.09420121,-0.15198067,-0.113313064,0.041314818,0.058834963,-0.08265777,-0.032794673,0.059218608,-0.11987414,0.116118714,-0.1626314,-0.025709039,-0.15017669,-0.01888975,-0.021048311,-0.07159154,0.15485027,-0.14936177,0.06498452,-0.060217507,0.13611077,-0.09862388,0.12062522,0.1098731,-0.022897515,0.15181217,0.143681,0.07305486,-0.024866158,-0.062604845,-0.022564376,0.005902203,-0.020099595,0.16277246,-0.12701821,0.12432268,-0.10333663,-0.14652607,-0.087354735,0.13148709,0.029655876,0.0092160385,-0.09230662,-0.098459594,0.09942723,0.010415029,-0.121685445,0.044510644,0.038800582,-0.09955597,-0.12479661,0.08280445,0.11301341,-0.077008754,-0.03020511,0.09893814,-0.040094078,0.002681025,-0.15732065,0.07639994,0.118427664,-0.04256141,-0.046049196,-0.043716114,0.041490685,0.060765117,-0.10528832,-0.055806294,0.11251201,0.077583134,-0.101855256,-0.12646528,0.13157938,-0.027085466,0.02726086,-0.08456455,0.033265144,-0.069986545,0.06084095,0.12679769,-0.09560475,0.05774677,0.022380784,0.03143422,0.14420503,-0.034042105,0.120123416,-0.023545522,0.02505656,0.15652215,-0.12270107,0.08554815,-0.04730103,-0.026160032,-0.00033768167,-0.084734224,0.033206522,-0.1706764,0.056339674,-0.15378362,-0.03340295,0.00013483963,-0.0075497916,-0.033811282,0.091900684,-0.14135996,0.041163847,0.06763266,0.01630124,-0.08885743,0.023345815,-0.050224382,-0.024795035
